"Buurten";"Afstand tot grote supermarkt|2008";"Afstand tot grote supermarkt|2009";"Afstand tot grote supermarkt|2010";"Afstand tot grote supermarkt|2011";"Afstand tot grote supermarkt|2012";"Afstand tot grote supermarkt|2013";"Afstand tot grote supermarkt|2014";"Afstand tot grote supermarkt|2015";"Afstand tot grote supermarkt|2016";"Afstand tot grote supermarkt|2017";"Afstand tot grote supermarkt|2018";"Afstand tot grote supermarkt|2019";"Afstand tot grote supermarkt|2020";"Afstand tot grote supermarkt|2022";"Grote supermarkten binnen 1 km|2008";"Grote supermarkten binnen 1 km|2009";"Grote supermarkten binnen 1 km|2010";"Grote supermarkten binnen 1 km|2011";"Grote supermarkten binnen 1 km|2012";"Grote supermarkten binnen 1 km|2013";"Grote supermarkten binnen 1 km|2014";"Grote supermarkten binnen 1 km|2015";"Grote supermarkten binnen 1 km|2016";"Grote supermarkten binnen 1 km|2017";"Grote supermarkten binnen 1 km|2018";"Grote supermarkten binnen 1 km|2019";"Grote supermarkten binnen 1 km|2020";"Grote supermarkten binnen 1 km|2022";"Grote supermarkten binnen 3 km|2008";"Grote supermarkten binnen 3 km|2009";"Grote supermarkten binnen 3 km|2010";"Grote supermarkten binnen 3 km|2011";"Grote supermarkten binnen 3 km|2012";"Grote supermarkten binnen 3 km|2013";"Grote supermarkten binnen 3 km|2014";"Grote supermarkten binnen 3 km|2015";"Grote supermarkten binnen 3 km|2016";"Grote supermarkten binnen 3 km|2017";"Grote supermarkten binnen 3 km|2018";"Grote supermarkten binnen 3 km|2019";"Grote supermarkten binnen 3 km|2020";"Grote supermarkten binnen 3 km|2022";"Afstand tot overige dagelijkse levensmiddelen|2008";"Afstand tot overige dagelijkse levensmiddelen|2009";"Afstand tot overige dagelijkse levensmiddelen|2010";"Afstand tot overige dagelijkse levensmiddelen|2011";"Afstand tot overige dagelijkse levensmiddelen|2012";"Afstand tot overige dagelijkse levensmiddelen|2013";"Afstand tot overige dagelijkse levensmiddelen|2014";"Afstand tot overige dagelijkse levensmiddelen|2015";"Afstand tot overige dagelijkse levensmiddelen|2016";"Afstand tot overige dagelijkse levensmiddelen|2017";"Afstand tot overige dagelijkse levensmiddelen|2018";"Afstand tot overige dagelijkse levensmiddelen|2019";"Afstand tot overige dagelijkse levensmiddelen|2020";"Afstand tot overige dagelijkse levensmiddelen|2022";"Overige dagelijkse levensmiddelen binnen 1 km|2008";"Overige dagelijkse levensmiddelen binnen 1 km|2009";"Overige dagelijkse levensmiddelen binnen 1 km|2010";"Overige dagelijkse levensmiddelen binnen 1 km|2011";"Overige dagelijkse levensmiddelen binnen 1 km|2012";"Overige dagelijkse levensmiddelen binnen 1 km|2013";"Overige dagelijkse levensmiddelen binnen 1 km|2014";"Overige dagelijkse levensmiddelen binnen 1 km|2015";"Overige dagelijkse levensmiddelen binnen 1 km|2016";"Overige dagelijkse levensmiddelen binnen 1 km|2017";"Overige dagelijkse levensmiddelen binnen 1 km|2018";"Overige dagelijkse levensmiddelen binnen 1 km|2019";"Overige dagelijkse levensmiddelen binnen 1 km|2020";"Overige dagelijkse levensmiddelen binnen 1 km|2022";"Overige dagelijkse levensmiddelen binnen 3 km|2008";"Overige dagelijkse levensmiddelen binnen 3 km|2009";"Overige dagelijkse levensmiddelen binnen 3 km|2010";"Overige dagelijkse levensmiddelen binnen 3 km|2011";"Overige dagelijkse levensmiddelen binnen 3 km|2012";"Overige dagelijkse levensmiddelen binnen 3 km|2013";"Overige dagelijkse levensmiddelen binnen 3 km|2014";"Overige dagelijkse levensmiddelen binnen 3 km|2015";"Overige dagelijkse levensmiddelen binnen 3 km|2016";"Overige dagelijkse levensmiddelen binnen 3 km|2017";"Overige dagelijkse levensmiddelen binnen 3 km|2018";"Overige dagelijkse levensmiddelen binnen 3 km|2019";"Overige dagelijkse levensmiddelen binnen 3 km|2020";"Overige dagelijkse levensmiddelen binnen 3 km|2022";"Afstand tot huisartsenpraktijk|2008";"Afstand tot huisartsenpraktijk|2009";"Afstand tot huisartsenpraktijk|2010";"Afstand tot huisartsenpraktijk|2011";"Afstand tot huisartsenpraktijk|2012";"Afstand tot huisartsenpraktijk|2013";"Afstand tot huisartsenpraktijk|2014";"Afstand tot huisartsenpraktijk|2015";"Afstand tot huisartsenpraktijk|2016";"Afstand tot huisartsenpraktijk|2017";"Afstand tot huisartsenpraktijk|2018";"Afstand tot huisartsenpraktijk|2019";"Afstand tot huisartsenpraktijk|2020";"Afstand tot huisartsenpraktijk|2022";"Huisartsenpraktijken binnen 1 km|2008";"Huisartsenpraktijken binnen 1 km|2009";"Huisartsenpraktijken binnen 1 km|2010";"Huisartsenpraktijken binnen 1 km|2011";"Huisartsenpraktijken binnen 1 km|2012";"Huisartsenpraktijken binnen 1 km|2013";"Huisartsenpraktijken binnen 1 km|2014";"Huisartsenpraktijken binnen 1 km|2015";"Huisartsenpraktijken binnen 1 km|2016";"Huisartsenpraktijken binnen 1 km|2017";"Huisartsenpraktijken binnen 1 km|2018";"Huisartsenpraktijken binnen 1 km|2019";"Huisartsenpraktijken binnen 1 km|2020";"Huisartsenpraktijken binnen 1 km|2022";"Afstand tot apotheek|2008";"Afstand tot apotheek|2009";"Afstand tot apotheek|2010";"Afstand tot apotheek|2011";"Afstand tot apotheek|2012";"Afstand tot apotheek|2013";"Afstand tot apotheek|2014";"Afstand tot apotheek|2015";"Afstand tot apotheek|2016";"Afstand tot apotheek|2017";"Afstand tot apotheek|2018";"Afstand tot apotheek|2019";"Afstand tot apotheek|2020";"Afstand tot apotheek|2022";"Afstand tot school basisonderwijs|2008";"Afstand tot school basisonderwijs|2009";"Afstand tot school basisonderwijs|2010";"Afstand tot school basisonderwijs|2011";"Afstand tot school basisonderwijs|2012";"Afstand tot school basisonderwijs|2013";"Afstand tot school basisonderwijs|2014";"Afstand tot school basisonderwijs|2015";"Afstand tot school basisonderwijs|2016";"Afstand tot school basisonderwijs|2017";"Afstand tot school basisonderwijs|2018";"Afstand tot school basisonderwijs|2019";"Afstand tot school basisonderwijs|2020";"Afstand tot school basisonderwijs|2022";"Scholen basisonderwijs binnen 1 km|2008";"Scholen basisonderwijs binnen 1 km|2009";"Scholen basisonderwijs binnen 1 km|2010";"Scholen basisonderwijs binnen 1 km|2011";"Scholen basisonderwijs binnen 1 km|2012";"Scholen basisonderwijs binnen 1 km|2013";"Scholen basisonderwijs binnen 1 km|2014";"Scholen basisonderwijs binnen 1 km|2015";"Scholen basisonderwijs binnen 1 km|2016";"Scholen basisonderwijs binnen 1 km|2017";"Scholen basisonderwijs binnen 1 km|2018";"Scholen basisonderwijs binnen 1 km|2019";"Scholen basisonderwijs binnen 1 km|2020";"Scholen basisonderwijs binnen 1 km|2022";"Afstand tot school voortgezet onderwijs totaal|2008";"Afstand tot school voortgezet onderwijs totaal|2009";"Afstand tot school voortgezet onderwijs totaal|2010";"Afstand tot school voortgezet onderwijs totaal|2011";"Afstand tot school voortgezet onderwijs totaal|2012";"Afstand tot school voortgezet onderwijs totaal|2013";"Afstand tot school voortgezet onderwijs totaal|2014";"Afstand tot school voortgezet onderwijs totaal|2015";"Afstand tot school voortgezet onderwijs totaal|2016";"Afstand tot school voortgezet onderwijs totaal|2017";"Afstand tot school voortgezet onderwijs totaal|2018";"Afstand tot school voortgezet onderwijs totaal|2019";"Afstand tot school voortgezet onderwijs totaal|2020";"Afstand tot school voortgezet onderwijs totaal|2022";"Scholen voortgezet onderwijs totaal binnen 3 km|2008";"Scholen voortgezet onderwijs totaal binnen 3 km|2009";"Scholen voortgezet onderwijs totaal binnen 3 km|2010";"Scholen voortgezet onderwijs totaal binnen 3 km|2011";"Scholen voortgezet onderwijs totaal binnen 3 km|2012";"Scholen voortgezet onderwijs totaal binnen 3 km|2013";"Scholen voortgezet onderwijs totaal binnen 3 km|2014";"Scholen voortgezet onderwijs totaal binnen 3 km|2015";"Scholen voortgezet onderwijs totaal binnen 3 km|2016";"Scholen voortgezet onderwijs totaal binnen 3 km|2017";"Scholen voortgezet onderwijs totaal binnen 3 km|2018";"Scholen voortgezet onderwijs totaal binnen 3 km|2019";"Scholen voortgezet onderwijs totaal binnen 3 km|2020";"Scholen voortgezet onderwijs totaal binnen 3 km|2022";"Afstand tot bibliotheek|2008";"Afstand tot bibliotheek|2009";"Afstand tot bibliotheek|2010";"Afstand tot bibliotheek|2011";"Afstand tot bibliotheek|2012";"Afstand tot bibliotheek|2013";"Afstand tot bibliotheek|2014";"Afstand tot bibliotheek|2015";"Afstand tot bibliotheek|2016";"Afstand tot bibliotheek|2017";"Afstand tot bibliotheek|2018";"Afstand tot bibliotheek|2019";"Afstand tot bibliotheek|2020";"Afstand tot bibliotheek|2022";"Afstand tot bioscoop|2008";"Afstand tot bioscoop|2009";"Afstand tot bioscoop|2010";"Afstand tot bioscoop|2011";"Afstand tot bioscoop|2012";"Afstand tot bioscoop|2013";"Afstand tot bioscoop|2014";"Afstand tot bioscoop|2015";"Afstand tot bioscoop|2016";"Afstand tot bioscoop|2017";"Afstand tot bioscoop|2018";"Afstand tot bioscoop|2019";"Afstand tot bioscoop|2020";"Afstand tot bioscoop|2022"
"Nieuwe Markt e.o.";0,4;0,4;0,4;0,4;0,3;0,3;0,3;0,3;0,3;0,3;0,4;0,4;0,6;0,9;2,5;2,5;2,4;2,4;2,4;2,4;2,3;1,7;1,6;1,6;1,6;4,0;1,8;0,8;13,9;13,2;13,2;14,2;14,2;14,3;14,3;12,2;14,3;14,2;14,7;16,0;15,0;13,7;0,1;0,1;0,1;0,1;0,1;0,1;0,1;0,1;0,1;0,1;0,1;0,1;0,1;0,1;61,1;59,4;55,0;52,1;55,4;55,9;54,9;48,2;49,1;47,8;47,9;51,5;36,5;23,1;96,9;93,0;91,1;83,9;89,0;93,2;90,2;86,0;86,4;84,0;90,3;90,8;88,4;72,7;0,5;0,5;0,5;0,5;0,5;0,5;0,5;0,5;0,5;0,5;0,5;0,5;"";0,7;3,0;3,0;3,0;2,9;2,9;2,8;2,9;2,5;2,5;2,5;2,6;2,5;2,3;1,2;0,3;0,3;0,3;0,3;0,3;0,3;0,3;0,3;0,3;0,3;0,3;0,3;0,3;0,4;0,4;0,4;0,4;0,4;0,4;0,4;0,4;0,4;0,4;0,4;0,5;"";"";0,6;3,5;3,8;3,5;3,5;3,3;2,6;2,6;2,5;2,4;2,5;2,3;"";"";1,7;0,9;0,8;0,9;0,9;0,9;0,9;0,9;1,0;1,2;1,2;1,1;"";"";1,5;10,0;9,0;9,0;9,0;9,0;9,0;9,0;9,0;9,0;8,5;12,4;"";"";11,6;0,4;0,4;"";"";0,4;0,4;0,4;0,5;0,5;0,5;0,5;0,9;0,6;0,8;0,4;0,4;0,4;0,4;0,4;0,4;0,4;1,2;1,2;1,2;1,3;0,9;1,0;1,7
"De Baan e.o.";0,6;0,6;0,6;0,5;0,5;0,5;0,5;0,6;0,6;0,6;0,7;0,7;0,7;0,8;2,2;2,2;2,2;2,2;2,2;2,2;1,9;1,6;1,6;1,6;1,6;2,5;2,1;1,7;12,6;12,3;12,5;13,0;12,4;12,6;12,3;9,1;11,1;11,2;11,2;12,3;12,2;13,6;0,1;0,1;0,1;0,1;0,1;0,1;0,1;0,1;0,1;0,1;0,1;0,2;0,1;0,1;60,1;58,1;53,9;51,3;54,4;55,9;54,7;41,9;42,1;39,9;38,9;25,7;18,6;25,9;95,3;91,3;88,1;80,6;84,4;89,2;85,9;73,4;75,3;73,3;78,7;79,4;77,6;72,7;0,6;0,6;0,6;0,6;0,6;0,6;0,6;0,7;0,9;0,9;0,9;1,0;"";0,9;4,1;3,7;3,8;3,8;3,7;3,7;3,7;1,3;0,7;0,7;0,8;0,8;0,5;0,7;0,6;0,6;0,6;0,6;0,6;0,6;0,6;0,7;0,7;0,7;0,8;1,1;1,2;0,7;0,2;0,2;0,2;0,2;0,2;0,2;0,2;0,2;0,2;0,2;0,2;"";"";0,3;3,3;3,4;3,3;3,3;3,3;2,9;2,9;2,1;2,1;2,2;2,2;"";"";1,9;1,0;0,4;1,0;1,0;1,0;1,0;1,0;1,2;1,5;1,5;1,5;"";"";1,6;10,0;9,0;9,0;9,0;9,0;9,0;9,0;9,0;9,0;8,0;11,4;"";"";10,3;0,2;0,2;"";"";0,2;0,2;0,2;0,7;0,8;0,7;0,7;1,1;1,2;0,9;0,7;0,7;0,7;0,8;0,8;0,8;0,8;1,2;1,2;1,2;1,2;1,1;1,3;1,5
"Turfmarkt e.o.";0,3;0,3;0,3;0,3;0,3;0,3;0,4;0,4;0,4;0,4;0,4;0,2;0,3;0,5;3,7;3,7;3,3;3,3;3,4;3,3;3,3;3,0;3,0;3,0;3,2;5,1;4,5;2,2;13,6;12,5;12,8;13,7;13,8;13,9;13,9;11,1;13,0;13,0;13,1;14,7;13,0;11,8;0,1;0,1;0,1;0,2;0,1;0,1;0,1;0,1;0,1;0,1;0,1;0,1;0,1;0,2;60,6;59,4;54,4;51,9;55,2;55,9;55,1;46,1;46,9;44,9;47,6;50,1;29,9;11,4;93,9;90,5;89,3;82,4;87,2;91,4;88,3;82,4;82,8;80,7;85,7;86,6;80,7;68,2;0,3;0,3;0,3;0,3;0,3;0,3;0,3;0,5;0,4;0,4;0,4;0,4;"";0,4;3,5;3,4;3,5;3,5;3,4;3,3;3,3;2,9;2,8;2,8;2,8;3,4;2,5;1,8;0,6;0,6;0,6;0,6;0,6;0,6;0,6;0,7;0,7;0,7;0,7;0,7;1,0;1,4;0,7;0,7;0,7;0,7;0,7;0,7;0,7;0,8;0,9;0,8;0,9;"";"";1,2;2,7;3,0;2,6;2,6;2,6;2,6;2,4;2,0;1,4;1,7;1,0;"";"";0,3;1,0;0,9;1,0;1,0;1,0;1,0;1,0;1,1;1,1;1,1;1,1;"";"";1,1;10,0;9,0;9,0;9,0;9,0;9,0;9,0;9,0;9,0;8,3;12,1;"";"";10,7;0,7;0,7;"";"";0,6;0,6;0,6;1,0;1,0;1,0;1,0;0,8;1,1;1,8;0,6;0,6;0,6;0,6;0,5;0,6;0,5;0,9;0,9;0,9;1,0;0,8;1,0;1,1
"Raam e.o.";0,3;0,3;0,2;0,2;0,3;0,2;0,4;0,4;0,4;0,4;0,5;0,2;0,2;0,4;3,9;3,9;3,8;3,8;3,8;3,8;3,7;3,6;3,6;3,6;4,3;4,9;3,8;3,3;12,6;11,8;11,9;12,2;11,5;11,6;11,2;8,3;10,3;10,3;10,3;12,8;12,2;11,8;0,1;0,1;0,1;0,1;0,1;0,1;0,2;0,2;0,2;0,2;0,2;0,2;0,2;0,2;63,7;62,0;56,4;54,5;57,1;58,9;56,8;40,4;39,9;37,7;32,2;39,3;23,8;19,2;93,4;89,7;85,8;77,3;81,1;85,4;81,6;71,7;73,6;71,6;76,3;78,6;77,0;69,0;0,4;0,4;0,4;0,4;0,4;0,4;0,4;0,6;0,7;0,7;0,7;0,6;"";0,7;3,2;3,0;3,1;3,0;2,9;2,9;2,8;2,3;2,3;2,4;2,3;2,7;1,8;1,5;0,8;0,8;0,8;0,8;0,8;0,8;0,8;0,8;0,8;0,8;0,9;0,9;1,3;1,3;0,5;0,5;0,5;0,5;0,5;0,5;0,5;0,6;0,7;0,6;0,6;"";"";0,7;3,4;4,3;3,4;3,5;3,5;3,5;3,0;2,4;2,0;2,5;2,5;"";"";1,3;1,2;0,7;1,1;1,1;1,1;1,1;1,1;1,3;1,2;1,2;1,2;"";"";1,2;10,0;9,0;9,0;9,0;9,0;9,0;9,0;9,0;9,0;8,0;11,3;"";"";10,1;0,5;0,5;"";"";0,6;0,6;0,6;1,1;1,1;1,1;1,2;0,6;1,2;1,5;0,6;0,6;0,6;0,6;0,6;0,6;0,6;0,7;0,7;0,6;0,6;0,6;1,1;1,2
"Nieuwe Park Oost";0,3;0,4;0,8;0,8;0,7;0,7;0,7;0,8;0,8;0,8;0,8;0,6;0,6;0,6;3,0;3,1;2,2;2,1;2,3;2,3;2,4;2,0;1,9;1,9;1,9;3,9;3,7;3,1;13,1;11,9;12,2;12,8;12,6;12,6;12,1;10,4;12,0;12,1;12,2;13,6;13,2;13,6;0,2;0,3;0,6;0,6;0,6;0,6;0,6;0,6;0,6;0,6;0,6;0,6;0,5;0,6;26,0;26,5;23,5;21,7;23,1;21,7;21,0;15,1;15,9;15,8;17,4;19,6;17,4;10,4;90,7;87,8;86,5;80,0;84,4;88,6;84,3;79,7;80,4;78,3;83,5;83,4;81,5;72,5;0,4;0,4;0,4;0,4;0,4;0,4;0,4;0,4;0,4;0,4;0,4;0,4;"";0,4;2,6;2,7;2,7;2,5;2,6;2,5;2,5;2,3;2,6;2,6;2,6;2,7;2,7;2,5;1,1;1,1;1,1;1,1;1,0;1,0;1,0;1,0;1,0;1,0;1,0;1,1;1,1;1,1;1,1;1,1;1,1;1,0;1,1;1,1;1,2;1,2;1,2;1,2;1,2;"";"";1,2;0,7;0,7;0,7;0,8;0,5;0,6;0,3;0,2;0,2;0,2;0,2;"";"";0,2;0,4;0,4;0,4;0,5;0,5;0,4;0,4;0,4;0,4;0,6;0,5;"";"";0,5;10,0;9,0;9,0;9,0;9,0;9,0;9,0;9,0;9,0;8,2;12,2;"";"";12,0;1,3;1,1;"";"";1,1;1,1;1,2;1,2;1,2;1,2;1,2;1,0;1,1;1,4;0,8;0,8;0,8;0,8;0,8;0,8;0,8;1,0;1,1;1,1;1,0;1,0;0,9;1,1
"Nieuwe Park West";"?";"?";"?";"?";"?";"?";"-";"-";"-";"?";"?";"?";"?";"?";"?";"?";"?";"?";"?";"?";"-";"-";"-";"?";"?";"?";"?";"?";"?";"?";"?";"?";"?";"?";"-";"-";"-";"?";"?";"?";"?";"?";"?";"?";"?";"?";"?";"?";"-";"-";"-";"?";"?";"?";"?";"?";"?";"?";"?";"?";"?";"?";"-";"-";"-";"?";"?";"?";"?";"?";"?";"?";"?";"?";"?";"?";"-";"-";"-";"?";"?";"?";"?";"?";"?";"?";"?";"?";"?";"?";"-";"-";"?";"?";"?";"?";"";"?";"?";"?";"?";"?";"?";"?";"-";"-";"?";"?";"?";"?";"?";"?";"?";"?";"?";"?";"?";"?";"-";"-";"?";"?";"?";"?";"?";"?";"?";"?";"?";"?";"?";"?";"-";"-";"?";"?";"?";"";"";"?";"?";"?";"?";"?";"?";"?";"-";"-";"?";"?";"?";"";"";"?";"?";"?";"?";"?";"?";"?";"-";"-";"?";"?";"?";"";"";"?";"?";"?";"?";"?";"?";"?";"-";"-";"?";"?";"?";"";"";"?";"?";"?";"";"";"?";"?";"?";"-";"-";"?";"?";"?";"?";"?";0,0;"?";"?";"?";"?";"-";"?";"-";"-";"?";"?";"?";"?";"?"
"De Korte Akkeren Oud";0,4;0,4;0,4;0,4;0,4;0,4;0,4;0,4;0,4;0,4;0,4;0,4;0,4;0,4;3,2;3,3;3,1;3,1;3,0;3,0;3,0;3,0;3,0;3,0;2,9;4,0;2,9;2,1;10,3;8,7;8,7;8,7;8,5;8,5;8,4;7,2;8,7;8,7;9,0;11,3;11,3;11,8;0,4;0,4;0,4;0,4;0,5;0,5;0,5;0,5;0,5;0,5;0,4;0,5;0,5;0,5;25,0;24,7;20,4;20,5;20,2;21,1;19,0;12,7;13,0;12,4;10,9;16,9;7,8;5,2;80,3;78,2;72,9;69,7;73,1;74,9;72,4;69,3;70,9;68,9;74,2;74,7;72,9;67,0;0,5;0,5;0,5;0,5;0,5;0,5;0,5;0,5;0,5;0,5;0,5;0,5;"";0,6;2,9;2,3;2,3;2,2;2,2;2,2;2,2;1,9;2,1;2,1;2,2;2,3;2,1;1,9;0,5;0,5;0,5;0,6;0,6;0,6;0,6;0,6;0,6;0,6;0,6;0,6;0,6;0,6;0,3;0,3;0,3;0,4;0,4;0,4;0,4;0,4;0,5;0,4;0,4;"";"";0,4;3,2;3,2;3,2;3,1;3,2;3,2;3,1;3,0;3,0;3,0;3,0;"";"";2,8;1,3;1,2;1,3;1,3;1,3;1,3;1,3;1,3;1,3;1,3;1,3;"";"";1,3;9,4;8,7;8,7;8,6;8,2;8,2;8,2;8,0;7,8;6,7;10,0;"";"";9,2;1,3;0,6;"";"";0,6;0,5;0,6;0,6;0,6;0,6;0,6;0,5;0,5;1,9;0,5;0,5;0,5;0,5;0,5;0,5;0,5;0,5;0,5;0,5;0,5;0,5;0,5;0,6
"De Korte Akkeren Nieuw";0,5;0,5;0,5;0,5;0,5;0,5;0,5;0,5;0,5;0,5;0,5;0,5;0,5;0,6;1,8;1,8;1,8;1,8;1,9;1,9;1,8;1,7;1,7;1,7;1,6;2,1;1,6;1,2;9,0;8,0;8,0;8,0;8,0;8,1;8,1;7,0;9,0;9,0;8,8;10,8;10,8;11,7;0,4;0,4;0,4;0,4;0,4;0,4;0,4;0,4;0,4;0,4;0,4;0,5;0,5;0,5;7,4;7,4;6,4;7,4;6,4;6,5;5,4;5,2;6,2;6,1;6,0;6,3;4,0;3,9;78,5;76,6;70,2;68,6;72,5;73,6;71,3;67,9;70,5;68,4;72,9;74,2;72,2;65,3;0,4;0,5;0,5;0,5;0,5;0,5;0,5;0,5;0,5;0,5;0,5;0,5;"";0,6;2,0;1,0;1,0;1,0;1,0;1,0;1,0;1,0;1,0;1,0;1,0;1,0;1,0;1,0;0,5;0,5;0,5;0,5;0,5;0,5;0,5;0,5;0,5;0,5;0,5;0,5;0,5;0,5;0,3;0,3;0,3;0,3;0,3;0,3;0,3;0,3;0,3;0,3;0,3;"";"";0,5;2,9;2,9;2,9;2,9;3,0;3,0;3,0;3,0;3,0;3,0;3,0;"";"";2,8;1,8;1,7;1,8;1,8;1,8;1,8;1,8;1,8;1,8;1,8;1,8;"";"";1,8;6,4;6,1;6,1;5,5;5,3;5,4;5,4;5,2;5,1;4,1;6,1;"";"";6,1;1,6;0,8;"";"";0,7;0,7;0,7;0,7;0,7;0,7;0,6;0,8;0,6;2,2;0,8;0,8;0,8;0,8;0,8;0,8;0,8;0,8;0,8;0,8;0,8;0,8;0,8;0,8
"Industrieterrein Kromme Gouwe";0,7;0,7;0,8;0,8;0,7;0,7;0,7;0,7;0,7;0,7;0,7;0,7;1,1;1,1;2,2;2,2;1,7;1,7;1,9;2,0;1,9;1,9;1,9;1,9;2,1;3,0;0,3;0,4;10,6;8,8;8,8;9,1;8,9;9,1;8,8;7,4;8,5;8,6;9,0;10,8;8,0;8,7;0,8;0,8;0,9;0,9;0,9;0,8;0,8;0,8;0,8;0,8;0,8;0,8;1,2;1,2;16,6;16,4;12,6;12,8;15,1;16,3;15,1;9,6;10,1;10,0;11,9;12,7;0,2;0,2;82,2;79,8;75,0;70,9;75,0;78,0;74,9;69,6;71,2;69,2;74,4;75,0;60,3;55,2;0,8;0,9;0,9;0,9;0,8;0,8;0,9;0,9;0,9;0,9;0,8;0,8;"";1,3;1,5;1,4;1,3;1,4;1,5;1,5;1,4;1,4;1,5;1,5;1,5;1,8;0,0;0,0;1,2;1,2;1,2;1,2;1,1;1,1;1,1;1,1;1,1;1,1;1,1;1,2;1,6;1,5;0,7;0,7;0,7;0,7;0,7;0,7;0,8;0,9;0,9;0,9;0,9;"";"";1,1;1,1;1,1;1,1;1,1;1,4;1,4;1,3;1,2;1,0;1,3;1,2;"";"";0,4;1,0;1,0;1,0;1,0;1,0;1,0;1,0;1,0;1,0;1,1;1,1;"";"";1,4;8,6;7,9;7,8;7,9;7,9;7,9;7,6;7,6;7,5;6,5;9,8;"";"";4,7;1,5;0,7;"";"";0,7;0,7;0,8;0,9;0,9;0,9;0,9;0,9;1,0;2,7;0,9;0,9;0,9;0,9;0,9;0,9;0,9;0,9;0,9;0,9;0,9;0,9;1,5;1,6
"Industrieterrein Hollandsche Ijssel";0,7;0,7;0,7;0,7;0,7;0,7;0,7;0,7;0,7;0,7;0,7;0,6;0,6;0,6;2,1;2,2;2,3;2,3;2,3;2,3;2,6;2,5;2,5;2,7;2,1;3,3;1,7;1,8;9,6;8,9;8,8;8,6;8,9;8,9;9,1;7,9;9,9;10,0;10,0;11,5;11,4;12,0;0,6;0,6;0,6;0,6;0,6;0,6;0,5;0,6;0,6;0,5;0,5;0,5;0,5;0,5;21,8;23,2;19,0;19,7;19,6;20,2;22,6;14,5;15,2;15,4;10,5;20,4;8,9;7,8;80,5;78,3;72,8;69,7;73,3;73,8;72,3;69,6;71,4;69,3;74,0;75,5;71,7;66,9;0,6;0,8;0,8;0,8;0,8;0,8;0,8;0,8;0,8;0,7;0,8;0,8;"";0,7;2,2;1,3;1,4;1,3;1,3;1,3;1,4;1,3;1,3;1,4;1,5;1,5;0,9;0,9;0,8;0,8;0,7;0,7;0,7;0,7;0,7;0,7;0,7;0,7;0,7;0,7;0,8;0,9;0,9;0,9;0,8;0,8;0,9;0,8;0,8;0,8;0,9;0,8;0,8;"";"";0,7;1,9;2,1;2,2;2,1;2,1;2,1;2,1;1,9;1,8;2,0;1,9;"";"";2,0;1,8;1,4;1,8;1,8;1,8;1,8;1,7;1,8;1,8;1,7;1,7;"";"";1,6;7,6;7,2;7,4;7,0;7,1;7,1;7,5;6,7;6,3;5,4;8,0;"";"";7,3;1,2;1,2;"";"";1,2;1,2;1,1;1,3;1,3;1,3;1,3;0,8;1,2;1,6;0,9;0,9;0,8;0,9;0,9;0,9;0,8;0,8;0,8;0,8;0,8;0,8;0,9;0,8
"Weidebloemkwartier";1,0;1,0;1,0;1,0;1,0;1,0;1,0;1,0;1,0;1,0;1,0;1,0;1,0;1,0;0,7;0,7;0,7;0,6;0,5;0,5;0,5;0,5;0,5;0,5;0,5;0,6;0,6;0,5;6,9;6,9;6,7;6,5;6,5;6,8;6,7;6,0;7,8;7,8;7,9;9,9;9,9;10,7;0,8;0,8;0,8;0,8;0,9;0,9;0,9;0,9;0,9;0,9;0,9;0,9;0,9;1,0;4,3;4,3;3,4;3,7;2,6;2,6;2,3;2,9;3,5;3,4;3,4;3,3;2,7;2,0;71,9;69,6;62,7;60,5;64,6;65,0;62,8;59,4;63,0;61,0;66,0;68,7;53,4;58,5;0,8;1,0;1,0;1,0;0,9;1,0;1,0;0,9;0,9;0,9;0,9;1,0;"";1,0;1,8;0,6;0,8;0,6;0,8;0,8;0,8;0,8;0,8;0,8;0,8;0,6;0,7;0,5;1,0;1,0;1,0;1,0;1,0;1,0;1,0;1,0;1,0;1,0;1,0;1,0;1,0;0,8;0,6;0,6;0,6;0,6;0,7;0,7;0,7;0,6;0,6;0,6;0,6;"";"";0,9;2,1;2,1;2,1;2,0;1,7;1,9;1,9;1,9;2,2;2,0;2,0;"";"";2,2;2,3;2,1;2,2;2,3;2,3;2,3;2,3;2,3;2,3;2,3;2,3;"";"";2,3;4,0;4,0;4,3;4,0;4,0;4,0;4,0;3,9;3,1;2,0;4,0;"";"";4,0;1,9;1,2;"";"";1,2;1,2;1,1;1,1;1,1;1,1;1,1;1,2;1,0;2,5;1,2;1,2;1,2;1,2;1,2;1,2;1,2;1,2;1,2;1,2;1,2;1,2;1,2;1,3
"Boerhaavekwartier";0,7;0,7;0,6;0,6;0,6;0,6;0,7;0,7;0,7;0,7;0,7;0,7;0,7;0,7;1,5;1,1;1,3;1,2;1,2;1,2;1,0;0,9;0,9;0,9;0,9;1,5;1,5;1,4;13,5;12,5;12,7;13,5;13,4;13,3;13,5;12,8;13,9;13,9;13,7;14,9;14,9;15,4;0,5;0,5;0,4;0,6;0,7;0,6;0,6;0,6;0,6;0,6;0,6;0,6;0,6;0,7;12,9;12,2;14,9;5,5;5,5;5,4;6,0;6,0;6,2;6,1;4,5;4,6;4,2;3,8;91,0;88,0;87,4;80,8;85,4;89,4;86,8;85,4;84,7;82,8;87,3;87,6;84,6;77,8;0,6;0,5;0,5;0,5;0,6;0,6;0,6;0,6;0,6;0,6;0,6;0,5;"";0,6;2,8;3,2;3,3;2,4;2,2;2,2;2,4;2,4;2,5;2,5;2,1;2,2;2,3;2,3;0,5;0,5;0,5;0,5;0,5;0,8;0,9;0,4;0,4;0,4;0,4;0,4;0,4;0,4;0,7;0,7;0,7;0,7;0,5;0,5;0,5;0,5;0,5;0,5;0,5;"";"";0,6;2,9;2,9;2,9;2,9;3,1;3,1;3,1;3,0;3,0;3,0;2,9;"";"";2,0;0,4;0,4;0,4;0,4;0,4;0,4;0,4;0,4;0,4;0,4;0,4;"";"";0,4;9,8;8,9;8,9;8,9;8,9;8,9;8,9;8,9;8,9;8,9;12,9;"";"";12,7;1,6;1,6;"";"";1,6;1,6;1,6;1,6;1,5;1,5;1,7;0,8;1,7;1,7;1,1;1,1;1,1;1,2;1,2;1,2;1,2;1,0;0,9;1,0;1,0;0,8;0,8;1,0
"Windrooskwartier en Heesterbuurt";1,0;0,5;0,5;0,4;0,4;0,4;0,5;0,5;0,5;0,5;0,6;0,5;0,5;0,5;0,5;1,5;1,5;1,5;1,5;1,5;1,5;1,2;1,2;1,2;1,2;1,2;1,3;1,1;11,1;10,1;10,1;11,0;11,0;11,0;10,9;10,0;10,0;10,0;10,1;11,9;11,4;11,1;0,9;0,9;0,4;0,4;1,0;0,4;0,5;0,5;0,5;0,5;0,6;0,5;0,5;0,5;0,8;0,8;2,8;1,6;0,5;1,5;1,6;1,2;1,2;1,2;1,5;1,4;1,6;1,4;83,1;80,6;80,2;73,0;77,9;81,9;80,2;73,0;70,7;69,4;73,4;75,0;68,2;58,8;0,4;0,4;0,4;0,4;0,4;0,4;0,4;0,4;0,5;0,5;0,5;0,5;"";0,5;2,2;2,2;2,2;2,1;2,1;2,1;2,1;2,1;2,1;2,0;2,3;2,3;2,3;2,2;0,4;0,4;0,4;0,4;0,4;0,4;0,5;0,5;0,5;0,5;0,6;0,5;0,4;0,5;0,6;0,6;0,6;0,6;0,5;0,5;0,5;0,5;0,5;0,6;0,5;"";"";0,5;2,1;2,1;2,1;2,1;2,8;2,8;2,8;2,1;2,1;2,1;2,4;"";"";2,3;0,9;0,9;0,9;0,9;0,9;0,9;0,9;1,0;0,9;0,9;0,5;"";"";0,5;8,6;7,5;7,6;7,6;7,6;7,8;7,6;6,9;7,3;7,5;11,0;"";"";11,1;1,4;1,4;"";"";1,4;1,4;1,4;1,4;1,3;1,3;1,7;1,5;1,5;1,4;1,9;1,9;1,9;1,9;1,9;1,9;1,9;1,4;1,4;1,4;1,5;1,5;1,5;1,4
"Groenhovenkwartier";0,3;0,3;0,2;0,3;0,3;0,2;0,2;0,2;0,2;0,2;0,3;0,3;0,3;0,3;1,2;2,2;2,1;2,4;2,4;2,1;2,2;1,7;1,7;1,7;2,0;1,6;1,6;2,2;6,7;5,7;6,7;7,7;7,7;7,6;7,4;6,7;6,7;6,7;6,7;7,8;7,8;7,8;0,3;0,3;0,2;0,3;0,3;0,2;0,2;0,2;0,2;0,2;0,3;0,3;0,3;0,3;2,1;2,1;4,4;3,1;2,4;3,3;3,2;3,1;2,8;2,8;3,8;3,3;3,3;3,2;42,9;41,0;44,3;37,6;42,0;43,1;42,6;30,4;28,6;28,7;29,2;28,7;28,5;26,9;0,8;0,9;0,9;1,0;1,0;1,0;1,0;1,1;1,1;1,1;1,1;1,1;"";1,1;2,1;1,2;1,4;0,7;0,8;0,8;0,8;0,2;0,2;0,1;0,2;0,3;0,2;0,2;1,1;1,1;1,1;1,1;1,1;1,1;1,2;1,3;1,3;1,3;1,2;1,1;1,1;1,2;0,3;0,3;0,3;0,3;0,3;0,3;0,3;0,3;0,3;0,3;0,3;"";"";0,3;1,0;1,0;1,0;1,0;1,0;1,0;1,0;1,0;1,0;1,0;1,1;"";"";1,1;1,8;1,8;1,8;1,8;1,8;1,8;1,8;1,9;1,9;1,9;1,3;"";"";1,3;5,9;4,9;4,9;4,9;4,9;5,2;4,9;4,6;5,3;6,3;8,5;"";"";8,3;1,4;1,4;"";"";1,4;1,4;1,4;1,4;1,3;1,3;1,9;2,3;1,8;1,4;2,7;2,7;2,7;2,7;2,7;2,7;2,7;2,2;2,2;2,2;2,3;2,3;2,3;2,3
"Bloemendaalseweg";0,8;0,6;0,6;0,7;0,7;0,7;0,7;0,7;0,7;0,7;0,7;0,7;0,8;0,7;1,5;2,4;2,3;2,6;2,4;2,3;2,4;2,1;2,2;2,1;3,8;4,0;4,0;3,8;10,7;9,6;9,8;11,0;10,5;10,4;10,2;8,9;8,9;9,0;8,2;9,9;9,0;9,3;0,7;0,7;0,6;0,6;0,8;0,7;0,6;0,6;0,6;0,6;0,7;0,7;0,6;0,6;5,6;5,3;7,5;5,1;5,1;6,4;6,0;6,8;5,9;5,8;11,5;11,5;11,8;11,6;77,9;75,5;75,7;69,0;73,0;76,1;74,5;57,7;56,2;55,7;56,5;58,0;50,6;45,4;0,6;0,6;0,6;0,8;0,8;0,8;0,8;0,8;0,8;0,8;0,8;0,8;"";0,8;2,7;2,6;2,6;2,1;2,2;2,4;2,3;2,1;2,2;2,1;3,0;2,7;2,7;2,5;0,8;0,8;0,8;0,8;0,8;0,8;0,8;0,8;0,8;0,8;0,8;0,8;0,8;0,7;0,4;0,4;0,4;0,4;0,4;0,4;0,4;0,4;0,4;0,4;0,5;"";"";0,5;2,8;2,8;2,8;2,8;2,8;2,7;2,6;2,4;2,6;2,7;2,9;"";"";2,8;1,1;1,3;1,3;1,3;1,2;1,3;1,3;1,3;1,3;1,2;0,6;"";"";0,6;8,1;7,1;7,1;7,1;7,1;7,1;7,1;6,6;7,2;7,7;10,2;"";"";10,0;1,1;1,0;"";"";1,0;1,0;1,0;1,0;0,9;0,9;1,4;2,1;1,2;0,9;2,0;2,0;2,0;1,9;1,9;2,0;2,0;2,1;2,1;2,1;2,2;2,1;2,1;2,2
"De Goudse Poort";0,7;0,7;0,6;0,5;0,6;0,6;0,7;0,7;0,7;0,7;0,6;0,6;0,6;0,6;1,4;1,9;1,9;1,9;1,9;1,9;1,9;1,9;1,9;1,9;1,9;1,9;1,7;1,7;8,8;7,8;8,0;9,0;9,1;9,0;8,6;8,2;8,4;8,3;8,5;10,0;8,9;9,5;0,8;0,8;0,6;0,6;0,7;0,6;0,7;0,7;0,7;0,6;0,6;0,6;0,6;0,6;0,9;0,9;2,8;1,9;0,9;1,9;1,9;1,9;1,9;1,9;1,9;1,9;1,9;1,9;73,8;72,8;71,9;64,9;70,9;73,9;72,4;63,6;61,7;60,9;64,8;66,1;54,7;49,3;0,7;0,8;0,7;0,7;0,7;0,7;0,7;0,7;0,7;0,7;0,7;0,7;"";0,7;1,9;1,9;1,9;1,9;1,9;1,9;1,9;1,9;1,9;1,9;1,9;1,9;1,9;1,9;0,9;0,9;0,9;0,9;0,9;0,9;1,0;1,0;1,0;1,0;1,0;0,8;0,8;1,0;0,8;0,8;0,8;0,8;0,8;0,8;0,8;0,9;0,9;0,9;0,9;"";"";0,9;1,0;1,1;1,1;1,1;1,2;1,2;1,1;0,8;0,8;0,8;0,8;"";"";0,8;1,5;1,5;1,5;1,5;1,5;1,4;1,5;1,5;1,4;1,4;1,1;"";"";1,2;7,9;6,7;6,8;6,9;7,0;7,3;6,6;6,6;7,1;7,1;10,6;"";"";10,6;1,8;1,8;"";"";1,8;1,8;1,8;1,8;1,7;1,7;2,2;1,6;2,1;1,9;2,3;2,3;2,3;2,2;2,2;2,3;2,3;1,6;1,6;1,6;1,6;1,6;1,6;1,6
"Gaardenbuurt";0,5;0,4;0,5;0,5;0,5;0,5;0,5;0,8;0,8;0,8;0,8;0,8;0,8;0,8;1,2;2,2;2,2;2,6;2,5;2,2;2,2;2,2;2,2;2,2;2,5;2,3;2,1;2,5;7,5;6,4;7,2;8,2;8,2;8,2;8,2;7,3;7,3;7,4;7,3;8,5;8,1;8,8;0,5;0,5;0,5;0,5;0,5;0,5;0,5;0,8;0,8;0,8;0,8;0,8;0,8;0,7;2,4;2,3;5,1;3,4;2,4;3,4;3,3;4,0;3,8;3,8;5,0;4,2;4,1;3,9;67,5;65,0;67,3;58,2;63,3;67,4;67,0;43,1;41,9;41,9;41,3;42,8;38,6;36,4;0,6;0,7;0,7;0,7;0,7;0,7;0,7;0,9;0,9;0,9;0,9;0,9;"";0,9;2,9;2,9;2,9;2,1;2,1;2,1;2,1;1,0;1,0;0,9;0,9;1,0;0,9;1,0;0,9;0,9;0,8;0,9;0,8;0,8;0,9;1,1;1,1;1,1;1,1;1,0;1,0;1,1;0,4;0,4;0,4;0,4;0,4;0,4;0,4;0,9;0,9;0,9;0,8;"";"";0,8;1,3;1,4;1,4;1,4;1,4;1,4;1,4;1,0;1,0;1,0;1,1;"";"";1,1;1,5;1,5;1,5;1,5;1,5;1,5;1,5;1,7;1,7;1,7;1,1;"";"";1,1;6,2;5,1;5,1;5,2;5,3;6,1;5,3;5,3;5,9;6,5;9,0;"";"";8,8;1,3;1,3;"";"";1,3;1,3;1,3;1,3;1,3;1,3;1,9;2,0;1,7;1,3;2,5;2,5;2,5;2,5;2,4;2,4;2,4;1,9;1,9;1,9;2,0;2,0;2,0;1,9
"Hoef- en Veldbuurt";0,3;0,3;0,3;0,3;0,4;0,7;0,7;0,5;0,5;0,5;0,5;0,5;0,4;0,4;2,1;2,1;2,1;3,0;2,9;2,9;2,8;2,8;2,8;2,8;2,7;2,9;2,8;2,7;11,3;10,3;10,2;11,5;10,3;10,4;10,7;9,5;9,3;9,3;9,0;10,0;9,5;8,9;0,3;0,3;0,3;0,4;0,4;0,4;0,4;0,3;0,4;0,4;0,4;0,4;0,3;0,4;12,0;11,0;12,8;9,7;12,4;13,6;12,1;13,2;11,2;11,3;11,1;11,1;11,3;10,8;78,3;77,2;80,0;72,6;73,0;75,9;77,0;61,0;59,3;58,5;60,1;59,0;52,0;41,6;0,4;0,4;0,4;0,4;0,5;0,4;0,4;0,4;0,4;0,4;0,4;0,4;"";0,5;2,1;2,1;2,2;1,2;1,3;2,4;2,3;2,3;2,3;2,3;2,4;2,2;2,1;1,9;0,4;0,4;0,4;0,5;0,5;0,5;0,5;0,5;0,5;0,5;0,5;0,5;0,5;0,5;0,4;0,4;0,4;0,4;0,5;0,5;0,7;0,7;0,7;0,7;0,8;"";"";0,8;3,0;3,0;3,2;3,0;3,4;3,4;2,7;2,7;2,5;2,5;2,5;"";"";2,8;1,0;1,1;1,1;1,1;1,1;1,1;1,1;1,1;1,1;0,8;0,7;"";"";0,8;7,6;6,6;6,8;6,7;6,7;6,7;6,6;6,2;6,7;7,4;10,3;"";"";9,9;0,4;0,4;"";"";0,4;0,4;0,4;0,4;0,5;0,5;1,0;2,1;1,0;0,6;2,2;2,2;2,1;2,1;2,1;2,1;2,1;2,4;2,4;2,5;2,4;2,1;2,1;2,5
"Zomenbuurt";0,4;0,4;0,4;0,4;0,5;0,6;0,6;0,5;0,4;0,4;0,4;0,5;0,5;0,4;2,0;2,1;2,1;3,0;3,0;3,0;3,1;3,1;3,1;3,1;3,2;3,1;2,9;2,9;9,3;8,2;8,4;9,9;9,2;9,3;8,8;7,8;7,8;7,8;7,3;8,3;8,0;8,2;0,4;0,4;0,4;0,4;0,5;0,4;0,4;0,4;0,4;0,4;0,4;0,4;0,4;0,4;12,0;11,0;12,9;9,9;12,7;13,7;13,0;14,0;12,0;12,0;12,1;12,1;10,7;10,8;67,3;65,4;67,9;61,7;64,2;66,7;66,7;48,6;46,6;46,5;38,3;38,3;34,6;28,4;0,4;0,4;0,4;0,6;0,6;0,5;0,5;0,5;0,5;0,5;0,6;0,6;"";0,7;2,0;2,0;2,0;1,0;1,2;2,2;2,2;2,1;2,1;2,1;2,0;2,0;1,7;1,7;0,6;0,6;0,6;0,6;0,6;0,6;0,5;0,6;0,6;0,6;0,7;0,7;0,7;0,7;0,6;0,6;0,6;0,6;0,6;0,6;1,0;1,0;1,0;1,0;1,1;"";"";1,1;2,3;2,3;2,3;2,4;2,2;2,2;1,4;1,4;1,5;1,5;0,5;"";"";0,7;1,2;1,5;1,5;1,4;1,4;1,4;1,4;1,4;1,4;1,1;1,1;"";"";1,2;6,9;5,8;5,8;5,9;6,0;6,0;5,9;5,5;6,2;7,0;9,3;"";"";9,1;0,6;0,6;"";"";0,6;0,6;0,5;0,6;0,6;0,6;1,3;2,5;1,2;0,8;2,3;2,3;2,4;2,3;2,3;2,3;2,3;2,7;2,7;2,7;2,8;2,5;2,5;2,9
"Hoevenbuurt";0,8;0,8;0,8;0,8;0,8;1,3;1,3;0,8;0,8;0,8;0,6;0,6;0,6;0,6;1,2;1,2;1,2;1,8;1,4;0,4;0,5;1,9;1,9;1,9;2,9;2,8;2,3;2,4;8,1;7,7;8,2;9,3;8,3;8,3;8,6;8,4;8,3;8,3;7,6;7,5;7,1;7,4;0,8;0,8;0,8;0,8;0,8;0,8;0,8;0,8;0,8;0,8;0,6;0,6;0,5;0,5;6,8;6,3;7,5;6,1;3,9;4,9;4,3;8,0;7,0;7,0;10,1;10,6;7,2;7,6;45,0;44,1;50,3;43,5;41,4;43,0;45,6;40,0;37,8;37,8;35,0;33,8;28,5;26,2;1,0;1,0;1,0;1,0;1,0;0,8;0,8;0,8;0,8;0,8;0,7;0,7;"";0,9;0,8;0,9;0,9;0,5;0,4;1,0;1,0;1,0;1,0;1,0;1,3;1,3;0,8;0,8;1,0;1,0;1,0;1,0;1,0;1,0;1,0;1,0;1,0;1,0;0,8;0,8;0,9;0,9;0,4;0,4;0,4;0,5;0,5;0,5;0,7;0,7;0,7;0,7;1,1;"";"";1,1;2,3;2,3;2,3;2,4;2,8;2,8;1,9;1,9;1,4;1,4;0,6;"";"";0,5;1,4;1,4;1,4;1,4;1,4;1,4;1,4;1,4;1,4;0,8;1,0;"";"";1,1;6,4;5,1;5,4;5,4;5,4;5,4;5,4;5,4;5,9;6,9;9,1;"";"";8,8;0,9;0,9;"";"";0,9;0,9;0,9;0,8;0,8;0,8;1,2;2,7;1,4;0,9;2,8;2,8;2,8;2,8;2,8;2,8;2,8;3,0;3,0;3,1;3,1;2,7;2,8;3,2
"Lusten-, Burgen- en Steinenbuurt";1,0;1,0;1,0;1,0;1,0;1,4;1,4;1,0;1,0;1,0;0,9;0,9;0,8;0,8;0,8;0,8;0,8;1,0;0,7;0,4;0,4;0,8;0,8;0,8;1,6;1,8;1,4;1,6;10,0;9,6;9,3;10,4;9,4;9,4;10,0;9,7;9,7;9,7;9,1;8,7;8,1;8,5;0,9;0,9;0,9;1,0;1,0;1,0;1,0;1,0;1,0;1,0;0,8;0,8;0,8;0,8;5,4;4,8;5,3;3,5;3,1;4,0;3,5;4,8;4,2;4,1;6,9;7,0;6,9;6,8;61,2;59,2;62,1;54,7;53,7;55,8;59,4;56,6;55,2;54,7;51,7;46,5;40,6;35,9;1,0;1,0;1,0;1,0;1,0;0,9;0,9;0,9;0,9;0,9;0,7;0,7;"";0,7;0,5;0,5;0,5;0,4;0,4;1,1;1,1;1,1;1,1;1,1;1,4;1,3;1,3;1,4;1,0;1,0;1,0;1,0;1,0;1,0;1,0;1,0;1,0;1,0;0,9;0,8;0,8;0,8;0,4;0,4;0,4;0,4;0,4;0,4;0,4;0,4;0,4;0,4;0,4;"";"";0,4;2,6;2,6;2,6;3,0;3,4;3,5;2,9;2,9;2,5;2,5;2,7;"";"";2,6;1,0;1,0;1,0;1,0;1,0;1,0;1,0;1,0;1,0;0,6;0,6;"";"";0,6;7,2;5,9;6,1;6,2;6,2;6,2;6,2;6,0;6,4;7,3;9,7;"";"";9,6;1,0;1,0;"";"";1,0;1,0;1,0;0,6;0,6;0,6;0,6;2,4;0,7;0,8;2,6;2,6;2,6;2,6;2,6;2,6;2,6;2,7;2,7;2,8;2,8;2,4;2,4;2,7
"Grassen- Waterbuurt";1,1;1,1;1,1;1,1;1,2;1,6;1,6;1,2;1,2;1,2;1,2;1,2;1,1;1,1;0,3;0,3;0,3;0,3;0,1;0,0;0,0;0,1;0,1;0,1;0,1;0,4;0,2;0,2;10,0;9,8;9,7;10,7;9,7;9,7;9,7;9,0;8,8;8,8;8,9;8,7;8,0;9,0;1,1;1,1;1,1;1,1;1,1;1,1;1,1;1,1;1,1;1,1;1,2;1,1;1,1;1,1;1,7;1,5;1,6;1,0;0,5;0,8;0,7;1,3;1,1;1,1;0,8;1,5;1,6;1,6;74,4;71,5;74,4;65,4;64,7;66,8;63,2;56,8;56,4;55,9;54,2;49,3;39,9;37,4;1,2;1,2;1,2;1,2;1,2;1,0;1,0;1,0;1,0;1,0;1,1;1,1;"";1,1;0,0;0,0;0,0;0,0;0,0;0,4;0,4;0,4;0,4;0,4;0,3;0,4;0,3;0,3;1,2;1,2;1,2;1,2;1,2;1,2;1,2;1,2;1,2;1,2;1,2;1,2;1,2;1,2;0,7;0,7;0,7;0,7;0,4;0,4;0,4;0,4;0,4;0,4;0,4;"";"";0,7;1,8;1,8;1,8;2,0;2,5;2,5;2,1;2,1;1,9;1,9;2,2;"";"";2,4;0,9;0,9;0,9;0,8;0,8;0,8;0,9;0,9;0,9;0,8;0,8;"";"";0,8;7,6;6,1;6,6;6,6;6,6;6,6;6,1;6,1;6,1;7,1;9,8;"";"";9,6;1,1;1,1;"";"";1,1;1,1;1,1;0,4;0,4;0,4;0,4;2,3;0,7;1,1;2,5;2,5;2,5;2,5;2,5;2,5;2,6;2,7;2,7;2,7;2,7;2,3;2,3;2,7
"Bodegraafsestraatweg";1,1;1,2;1,2;1,2;1,2;1,2;1,2;1,2;1,2;1,2;1,4;1,3;1,4;1,5;0,5;0,1;0,1;0,1;0,1;0,1;0,1;0,1;0,1;0,1;0,0;0,0;0,0;0,0;12,8;12,6;11,7;12,7;11,8;11,9;12,2;11,3;12,8;12,7;9,7;11,5;10,4;10,8;1,2;1,2;1,0;1,0;1,2;1,0;1,1;1,1;1,1;1,1;1,2;1,2;1,3;1,5;0,2;0,1;0,4;0,5;0,1;0,5;0,4;0,4;0,4;0,4;0,0;0,0;0,0;0,0;87,8;84,2;84,6;76,5;77,6;80,2;82,8;79,1;78,0;75,8;65,8;68,8;51,7;46,6;1,1;1,1;1,2;1,2;1,2;1,2;1,2;1,2;1,4;1,4;1,6;1,5;"";1,7;0,2;0,3;0,2;0,2;0,2;0,2;0,1;0,1;0,0;0,0;0,0;0,0;0,0;0,0;1,1;1,2;1,2;1,2;1,2;1,3;1,3;1,3;1,5;1,5;1,7;1,6;1,7;1,7;0,9;0,9;0,9;0,9;0,8;0,8;1,0;1,0;1,1;1,1;1,3;"";"";1,4;1,4;1,3;1,3;1,3;2,1;2,1;1,3;1,2;1,0;1,0;0,1;"";"";0,0;0,9;0,9;0,9;0,9;0,9;0,9;1,0;1,0;1,1;1,0;1,2;"";"";1,4;8,8;7,4;7,5;7,6;7,6;7,6;7,5;7,5;7,6;7,9;10,1;"";"";10,2;1,7;1,7;"";"";1,6;1,6;1,7;1,1;1,1;1,1;1,3;2,2;1,4;1,8;2,2;2,3;2,3;2,3;2,3;2,3;2,3;2,4;2,4;2,5;2,7;2,2;2,3;2,7
"Mammoet";1,0;0,8;0,8;0,8;0,8;0,8;0,8;0,8;0,8;0,9;0,9;0,8;0,8;1,0;1,1;1,3;1,3;1,3;0,7;0,7;0,7;0,7;0,7;0,7;0,7;0,7;1,1;0,6;13,6;12,9;11,8;13,5;12,9;12,9;13,2;11,7;12,5;12,6;12,2;13,7;13,2;11,9;1,0;0,8;0,8;0,8;0,8;0,8;0,8;0,8;0,8;0,8;0,8;0,8;0,8;1,0;5,0;4,8;5,0;2,0;2,0;2,7;2,1;3,2;2,5;2,4;2,7;2,5;4,2;3,9;90,1;89,1;88,5;81,9;85,3;88,2;87,4;84,5;83,1;81,5;85,1;84,7;77,3;62,7;0,9;0,8;0,8;0,8;0,8;0,8;0,8;0,8;0,9;0,9;0,9;0,9;"";1,0;1,0;1,4;1,4;1,4;1,4;1,7;1,7;1,6;1,6;1,5;1,6;1,6;1,6;1,0;0,9;0,9;0,9;0,9;0,9;0,9;1,0;0,9;0,9;1,0;1,0;1,0;0,8;0,8;0,4;0,4;0,4;0,4;0,4;0,3;0,4;0,4;0,3;0,3;0,4;"";"";0,4;3,9;4,6;4,7;4,7;4,1;4,1;4,0;3,9;4,8;4,7;4,4;"";"";3,8;0,3;0,5;0,5;0,4;0,4;0,4;0,4;0,4;0,4;0,4;0,4;"";"";0,4;9,7;8,6;8,6;8,6;8,7;8,7;8,5;8,5;8,5;8,7;12,3;"";"";12,0;1,1;1,1;"";"";1,0;1,0;1,1;0,7;0,7;0,7;0,8;1,5;0,9;1,2;1,8;1,7;1,7;1,7;1,7;1,7;1,7;1,8;1,8;1,9;1,9;1,5;1,5;2,0
"Wervenbuurt";1,2;1,2;1,2;1,2;1,3;1,8;1,8;1,3;1,3;1,3;1,2;1,2;1,2;1,2;0,0;0,0;0,0;0,0;0,0;0,0;0,0;0,0;0,0;0,0;0,0;0,1;0,1;0,1;8,0;8,0;8,0;9,0;8,0;8,0;9,0;9,0;9,0;9,0;9,0;7,4;7,4;7,4;1,2;1,2;1,2;1,2;1,2;1,2;1,2;1,2;1,3;1,3;1,2;1,2;1,2;1,2;0,0;0,0;0,0;0,0;0,0;0,0;0,0;0,0;0,0;0,0;0,1;0,4;0,6;1,0;31,5;31,2;36,2;30,8;27,0;28,1;32,7;35,1;32,6;32,7;33,2;25,2;24,5;24,3;1,3;1,3;1,3;1,3;1,4;1,1;1,1;1,2;1,2;1,2;1,1;1,1;"";1,1;0,0;0,0;0,0;0,0;0,0;0,0;0,0;0,0;0,0;0,0;0,2;0,2;0,2;0,2;1,3;1,3;1,3;1,4;1,4;1,4;1,4;1,4;1,4;1,4;1,3;1,3;1,3;1,3;0,4;0,4;0,3;0,4;0,6;0,5;0,6;0,6;0,6;0,6;0,5;"";"";0,5;2,1;2,1;2,2;2,6;3,5;3,5;2,8;2,8;1,8;1,8;1,8;"";"";1,2;1,4;1,4;1,4;1,4;1,4;1,4;1,4;1,4;1,4;0,6;0,6;"";"";0,4;6,0;5,0;5,0;5,0;5,0;5,0;5,0;5,0;6,0;7,0;8,9;"";"";8,9;1,2;1,2;"";"";1,2;1,2;1,2;0,9;0,9;0,9;0,9;2,8;1,2;1,2;3,0;3,0;3,1;3,0;3,0;3,0;3,0;3,2;3,2;3,2;3,2;2,8;2,8;3,1
"Ouwe Gouwe";0,4;0,6;0,6;0,6;0,6;0,6;0,6;0,6;0,6;0,6;0,6;0,6;0,6;0,7;2,2;1,1;1,1;1,1;1,1;1,2;1,1;1,1;1,1;1,1;1,1;1,6;1,5;1,3;14,4;13,8;13,4;14,1;14,7;14,7;14,8;13,7;15,6;15,6;15,6;16,6;16,5;17,3;0,3;0,3;0,3;0,4;0,4;0,4;0,4;0,3;0,4;0,4;0,4;0,3;0,4;0,4;12,0;11,3;11,7;10,8;11,6;11,1;10,7;11,7;11,1;11,0;10,8;12,3;10,0;8,9;97,3;94,4;92,8;85,8;90,2;93,6;91,2;90,0;89,9;87,8;92,4;92,4;89,9;83,4;0,3;0,3;0,3;0,3;0,3;0,3;0,3;0,3;0,4;0,4;0,4;0,3;"";0,4;4,4;4,4;4,4;4,4;4,4;4,4;4,5;4,3;4,3;4,3;4,2;4,3;4,0;3,8;0,4;0,4;0,4;0,4;0,4;0,5;0,5;0,4;0,4;0,4;0,4;0,4;0,4;0,5;0,3;0,3;0,3;0,3;0,4;0,4;0,4;0,4;0,4;0,4;0,4;"";"";0,5;5,6;5,5;5,8;5,8;4,8;4,2;4,3;4,2;4,6;4,6;4,5;"";"";2,0;0,4;0,4;0,4;0,5;0,5;0,5;0,5;0,5;0,4;0,4;0,4;"";"";0,4;10,0;9,0;9,0;9,0;9,0;9,0;9,0;9,0;9,0;9,0;13,0;"";"";13,0;1,4;1,4;"";"";1,3;1,3;1,3;1,0;1,0;1,0;1,1;0,9;1,2;1,7;1,1;1,2;1,2;1,1;1,1;1,1;1,2;1,3;1,3;1,3;1,3;0,9;0,9;1,3
"Statensingel";0,3;0,3;0,2;0,3;0,3;0,3;0,3;0,3;0,3;0,3;0,3;0,4;0,3;0,4;2,5;1,4;1,2;1,5;1,5;1,5;1,5;1,0;1,0;1,0;1,1;2,5;1,9;2,8;14,5;13,5;13,5;14,4;14,6;14,7;14,6;13,6;15,6;15,6;15,6;16,4;16,4;17,3;0,2;0,3;0,2;0,3;0,3;0,3;0,3;0,3;0,3;0,3;0,3;0,2;0,3;0,4;27,9;22,5;15,4;18,3;17,0;15,2;16,3;15,4;15,9;15,7;19,4;25,6;20,8;18,8;94,3;91,5;90,3;83,8;88,6;92,6;89,6;88,3;88,3;86,0;90,0;91,3;88,3;82,9;0,2;0,2;0,2;0,2;0,3;0,3;0,3;0,3;0,3;0,3;0,3;0,3;"";0,3;4,2;3,9;3,7;4,0;4,2;4,2;4,1;4,2;4,2;4,2;4,8;5,1;5,1;5,0;0,2;0,2;0,2;0,2;0,2;0,8;0,8;0,4;0,4;0,4;0,3;0,3;0,3;0,3;0,3;0,3;0,3;0,3;0,6;0,6;0,6;0,6;0,6;0,6;0,7;"";"";0,7;5,1;5,4;5,6;5,4;5,1;5,0;4,9;5,0;5,4;5,4;4,9;"";"";2,7;0,5;0,6;0,5;0,6;0,7;0,7;0,7;0,7;0,4;0,4;0,4;"";"";0,4;10,0;9,0;9,0;9,0;9,0;9,0;9,0;9,0;9,0;9,0;13,0;"";"";13,0;1,3;1,3;"";"";1,3;1,2;1,2;1,1;1,1;1,1;1,1;0,5;1,1;1,1;0,8;0,8;0,9;0,8;0,8;0,8;0,8;0,9;0,9;0,9;0,8;0,5;0,5;0,8
"Wethouder Venteweg";0,4;0,4;0,5;0,5;0,5;0,5;0,5;0,5;0,5;0,5;0,9;0,9;0,9;0,9;1,2;1,1;1,1;1,0;1,0;1,1;1,1;1,1;1,1;1,1;0,6;0,6;0,6;0,6;13,5;13,5;12,4;13,7;13,2;13,2;13,8;11,9;13,9;13,9;10,7;12,5;11,6;12,8;0,6;0,6;0,2;0,2;0,6;0,2;0,2;0,2;0,2;0,2;0,3;0,8;0,8;0,9;3,8;3,8;4,8;4,8;3,9;4,8;4,7;4,7;4,7;4,7;5,3;4,5;4,4;4,2;97,7;94,6;92,9;85,6;87,4;90,4;91,7;89,3;88,7;86,9;80,5;81,1;79,1;68,4;0,8;0,8;0,8;0,8;0,8;0,8;0,9;0,9;0,9;0,9;0,7;0,6;"";0,7;1,8;1,8;1,8;1,8;1,8;1,8;1,7;1,7;1,7;1,7;2,6;2,5;2,5;2,2;0,4;0,4;0,4;0,4;0,4;0,9;0,9;0,9;0,9;1,0;0,8;0,8;0,8;1,0;0,4;0,4;0,4;0,4;0,6;0,6;0,6;0,6;0,6;0,6;0,5;"";"";0,6;2,9;2,8;2,9;2,9;1,9;1,6;1,6;1,6;1,5;1,5;2,3;"";"";1,8;1,0;1,0;1,0;1,0;1,0;1,0;1,0;1,0;1,0;1,0;0,9;"";"";0,9;9,6;8,6;8,6;8,6;8,6;8,6;8,5;8,5;8,5;8,6;12,2;"";"";11,7;1,8;1,8;"";"";1,4;1,4;1,4;1,3;1,3;1,3;1,3;1,5;1,3;2,1;1,9;1,9;1,9;1,9;1,9;1,9;2,0;2,1;2,1;2,1;1,9;1,5;1,5;1,9
"Achterwillenseweg";0,8;0,8;0,8;0,8;0,8;0,8;0,8;0,8;0,8;0,8;0,7;0,7;0,7;0,7;1,3;1,1;1,1;1,1;1,1;1,1;1,1;1,1;1,1;1,1;1,0;1,0;1,0;1,0;11,7;11,0;10,0;10,5;9,8;10,0;10,1;8,2;10,1;10,1;10,2;12,3;11,7;11,7;0,7;0,7;0,7;0,7;0,7;0,7;0,7;0,6;0,7;0,6;0,6;0,8;0,8;0,7;5,6;5,5;6,3;6,5;5,8;6,7;6,7;6,7;6,4;6,5;7,3;6,7;6,1;3,9;89,9;86,8;82,3;76,1;78,5;81,6;79,0;76,6;77,4;75,3;81,5;81,5;81,6;66,6;0,7;0,7;0,7;0,7;0,7;0,7;0,7;0,7;0,7;0,7;0,7;0,6;"";0,7;3,1;2,9;3,0;3,2;3,1;3,1;3,1;3,2;3,1;3,1;3,6;3,4;3,2;2,1;0,8;0,8;0,8;0,8;0,8;0,8;0,8;0,8;0,8;0,8;0,8;0,8;0,8;1,0;0,4;0,4;0,4;0,4;0,4;0,4;0,4;0,4;0,4;0,4;0,3;"";"";0,5;3,6;3,1;3,5;3,6;2,7;2,3;2,3;2,3;2,1;2,1;2,3;"";"";1,3;0,9;0,9;0,9;0,9;0,9;0,9;0,9;0,9;0,9;1,0;0,9;"";"";0,9;9,9;8,9;8,9;9,0;9,0;9,0;9,0;9,0;8,9;8,8;12,9;"";"";12,4;1,6;1,6;"";"";1,2;1,2;1,2;1,2;1,2;1,2;1,1;1,5;1,2;2,1;1,8;1,8;1,8;1,8;1,8;1,7;1,8;1,9;1,9;2,0;1,9;1,5;1,5;1,9
"Slagenbuurt";0,3;0,3;0,3;0,4;0,4;0,4;0,4;0,3;0,4;0,4;0,3;0,3;0,3;0,3;1,0;1,0;1,0;1,0;1,0;1,0;1,0;1,0;1,0;1,0;1,0;1,0;1,0;1,0;12,4;12,0;11,0;12,5;12,2;12,2;12,2;10,3;12,3;12,3;12,2;14,3;12,8;13,0;0,8;0,8;0,4;0,4;0,8;0,3;0,3;0,3;0,4;0,4;0,3;0,3;0,3;0,3;3,5;3,5;4,5;4,5;3,5;4,4;4,4;4,2;4,3;4,3;3,9;3,2;3,2;2,1;94,4;91,0;89,2;83,0;86,3;89,2;88,5;85,2;84,3;82,5;87,0;86,1;79,7;67,1;0,9;0,9;0,9;0,9;0,9;0,9;0,9;0,9;0,9;0,9;1,0;0,9;"";1,0;1,6;1,5;1,6;1,6;1,6;1,6;1,6;1,6;1,6;1,5;1,3;1,3;1,3;0,8;0,3;0,3;0,3;0,3;0,3;1,0;1,0;1,0;1,0;1,0;1,1;1,1;1,1;1,2;0,3;0,3;0,3;0,3;0,7;0,7;0,7;0,7;0,7;0,7;0,7;"";"";0,8;2,2;2,1;2,2;2,2;1,2;1,1;1,0;1,0;1,0;1,0;1,0;"";"";0,7;1,1;1,1;1,1;1,1;1,1;1,1;1,1;1,1;1,1;1,1;1,1;"";"";1,1;9,5;8,5;8,5;8,5;8,5;8,5;8,5;8,5;8,5;8,6;12,0;"";"";12,0;2,0;2,0;"";"";1,5;1,5;1,5;1,4;1,4;1,4;1,4;1,8;1,4;2,2;2,0;2,0;2,0;2,0;2,0;2,0;2,1;2,1;2,1;2,2;2,2;1,8;1,8;2,2
"Middenwillens";"";"";"";"";"";"";"";"";"";"";1,3;1,3;1,3;1,3;"";"";"";"";"";"";"";"";"";"";0,1;0,1;0,1;0,1;"";"";"";"";"";"";"";"";"";"";6,5;7,6;6,6;8,1;"";"";"";"";"";"";"";"";"";"";1,1;1,3;1,3;1,3;"";"";"";"";"";"";"";"";"";"";0,5;0,0;0,0;0,1;"";"";"";"";"";"";"";"";"";"";63,1;61,6;52,3;37,3;"";"";"";"";"";"";"";"";"";"";1,3;1,3;"";1,4;"";"";"";"";"";"";"";"";"";"";0,2;0,2;0,1;0,1;"";"";"";"";"";"";"";"";"";"";1,4;1,4;1,5;1,6;"";"";"";"";"";"";"";"";"";"";1,0;"";"";1,1;"";"";"";"";"";"";"";"";"";"";0,5;"";"";0,4;"";"";"";"";"";"";"";"";"";"";1,6;"";"";1,6;"";"";"";"";"";"";"";"";"";"";8,5;"";"";7,7;"";"";"";"";"";"";"";"";"";"";1,7;2,2;1,8;2,8;"";"";"";"";"";"";"";"";"";"";2,6;2,2;2,3;2,6
"De Goudse Hout";1,4;1,4;1,3;1,4;1,4;1,3;1,3;1,5;1,4;1,4;1,5;1,5;1,5;1,4;0,0;0,0;0,0;0,0;0,0;0,0;0,0;0,0;0,0;0,0;0,4;0,4;0,4;0,5;7,0;6,1;6,0;5,7;5,7;5,8;5,7;4,4;6,5;6,6;5,1;6,0;6,0;5,7;1,3;1,3;1,3;1,4;1,3;1,1;1,1;1,1;1,1;1,1;1,3;1,4;1,4;1,4;0,1;0,1;0,1;0,1;0,2;0,7;0,8;0,8;0,4;0,3;0,8;0,4;0,4;0,5;54,0;52,1;51,4;46,3;48,3;51,6;52,4;45,5;54,9;55,1;40,6;38,9;36,7;32,7;1,3;1,3;1,3;1,4;1,4;1,4;1,3;1,5;1,4;1,4;1,8;1,7;"";1,8;0,0;0,0;0,0;0,0;0,0;0,0;0,0;0,0;0,0;0,0;0,4;0,4;0,4;0,5;1,3;1,3;1,3;1,3;1,3;1,4;1,4;1,6;1,5;1,5;1,8;1,8;1,8;2,0;1,2;1,2;1,2;1,3;1,3;1,2;1,2;1,4;1,1;1,0;1,4;"";"";1,5;0,2;0,2;0,2;0,2;0,2;0,3;0,3;0,2;0,7;0,7;0,5;"";"";0,5;1,9;1,9;1,9;1,9;1,9;1,9;1,9;1,9;1,7;1,7;1,9;"";"";1,8;6,0;5,4;5,7;5,3;5,2;5,4;5,6;5,4;6,2;6,1;7,8;"";"";7,5;1,4;1,4;"";"";1,7;1,7;1,6;1,8;1,8;1,8;2,0;2,6;2,0;2,9;2,7;2,7;2,7;2,8;2,8;2,7;2,8;2,9;2,7;2,7;3,0;2,6;2,6;2,9
"Oosterwei";0,2;0,2;0,2;0,2;0,2;0,3;0,3;0,5;0,4;0,4;0,4;0,4;0,4;0,4;2,3;2,3;2,1;2,1;2,2;2,2;2,2;1,2;3,2;3,2;2,2;2,1;2,1;2,1;10,9;9,9;9,0;9,0;9,0;9,0;9,0;8,0;10,0;10,0;10,0;11,0;11,0;12,9;0,2;0,2;0,2;0,2;0,2;0,2;0,2;0,2;0,2;0,2;0,2;0,3;0,3;0,3;3,5;2,7;3,0;2,7;3,7;3,3;3,2;3,4;4,4;4,3;4,3;4,7;4,3;4,3;84,9;81,9;76,0;73,0;75,0;77,0;74,9;72,9;74,9;72,9;77,9;78,0;77,0;72,6;0,7;0,3;0,3;0,3;0,8;0,3;0,3;0,3;0,3;0,3;0,3;0,3;"";1,0;2,2;2,2;2,2;3,1;2,4;2,4;2,4;2,3;3,3;3,3;3,1;2,9;1,9;0,5;0,3;0,3;0,3;0,3;0,3;0,3;0,3;0,3;0,3;0,3;0,3;0,3;0,3;0,3;0,9;0,9;0,9;0,9;0,9;0,6;0,6;0,6;0,6;0,6;0,6;"";"";0,6;1,7;0,9;1,7;1,8;1,8;2,4;2,5;2,4;1,9;2,0;1,8;"";"";1,2;0,5;0,5;0,5;0,6;0,6;0,6;0,6;0,6;0,6;0,6;0,6;"";"";0,7;8,4;7,5;7,5;6,9;6,8;6,7;6,7;6,6;6,9;6,3;7,8;"";"";7,6;1,1;1,1;"";"";0,5;0,5;0,5;0,5;0,5;0,5;0,5;2,4;0,4;2,0;2,0;2,0;2,0;2,0;2,0;2,0;2,0;2,7;2,7;2,6;2,7;2,4;2,4;2,7
"Vreewijk";0,3;0,3;0,3;0,3;0,3;0,3;0,3;0,3;0,2;0,2;0,5;0,5;0,5;0,5;2,0;2,0;2,0;2,0;2,0;2,0;2,0;1,0;3,0;3,0;2,0;2,0;2,0;2,0;11,0;10,0;9,0;9,0;9,2;9,2;9,5;8,0;10,0;10,0;10,0;11,0;11,0;13,0;0,4;0,4;0,4;0,4;0,4;0,4;0,4;0,4;0,4;0,4;0,4;0,4;0,4;0,5;7,2;6,1;6,3;6,1;7,4;7,4;6,5;6,7;7,8;7,7;7,7;9,5;5,8;4,2;85,0;82,0;76,0;73,0;75,2;77,2;75,2;73,0;75,0;73,0;78,0;78,0;77,0;73,0;0,4;0,3;0,3;0,3;0,4;0,3;0,3;0,3;0,3;0,3;0,3;0,3;"";0,6;2,2;2,2;2,2;3,2;2,2;2,2;2,2;2,2;3,2;3,2;3,1;3,2;2,2;2,1;0,3;0,3;0,3;0,3;0,3;0,3;0,3;0,3;0,3;0,3;0,3;0,3;0,3;0,4;0,5;0,6;0,5;0,5;0,5;0,3;0,3;0,3;0,3;0,3;0,3;"";"";0,3;3,2;3,1;3,2;3,1;3,1;3,1;3,1;2,9;2,9;2,9;2,9;"";"";2,8;0,3;0,3;0,3;0,3;0,3;0,3;0,3;0,3;0,3;0,3;0,3;"";"";0,3;10,0;9,0;9,0;9,0;9,0;9,0;9,0;9,0;9,0;8,1;11,1;"";"";10,7;1,2;1,2;"";"";0,2;0,2;0,2;0,2;0,2;0,2;0,2;2,0;0,2;1,6;1,6;1,6;1,6;1,6;1,6;1,6;1,6;2,2;2,2;2,3;2,3;2,0;2,0;2,3
"Voorwillenseweg";0,5;0,5;0,4;0,4;0,5;0,5;0,5;0,5;0,5;0,5;0,8;0,8;0,8;0,8;2,2;2,2;2,2;2,2;2,2;2,2;2,2;1,2;3,0;3,0;2,0;2,2;2,2;2,1;11,3;10,3;9,4;9,5;9,6;9,6;9,6;8,2;10,2;10,2;10,3;11,8;11,6;12,6;0,5;0,5;0,5;0,5;0,5;0,5;0,5;0,5;0,5;0,5;0,5;0,6;0,7;0,8;10,0;9,2;9,8;9,1;11,0;11,0;10,2;10,4;11,8;11,5;13,8;14,4;8,5;4,9;87,1;84,0;78,4;73,8;76,0;78,4;75,9;73,9;75,9;73,9;79,2;79,9;78,7;72,8;0,6;0,4;0,4;0,4;0,6;0,4;0,4;0,4;0,4;0,4;0,4;0,4;"";0,6;3,1;3,1;3,1;4,1;3,1;3,1;2,9;2,9;4,0;4,0;4,4;4,3;3,0;2,3;0,5;0,5;0,5;0,5;0,5;0,5;0,5;0,5;0,5;0,5;0,6;0,6;0,6;0,6;0,5;0,5;0,5;0,5;0,5;0,4;0,4;0,4;0,4;0,4;0,4;"";"";0,4;3,2;2,8;3,2;3,2;3,1;3,1;2,9;2,9;2,9;3,0;3,1;"";"";2,7;0,5;0,6;0,5;0,5;0,5;0,5;0,5;0,5;0,6;0,6;0,6;"";"";0,7;9,8;8,8;8,8;8,8;8,8;8,8;8,8;8,8;8,8;8,1;11,5;"";"";10,5;1,1;1,1;"";"";0,4;0,4;0,4;0,4;0,4;0,4;0,5;1,9;0,5;1,7;1,5;1,5;1,5;1,5;1,5;1,5;1,6;2,3;2,3;2,3;2,2;1,9;1,9;2,3
"Kadenbuurt";0,8;0,9;0,9;0,9;0,8;0,8;0,8;0,9;0,9;0,9;0,9;0,7;0,8;0,8;2,0;1,3;1,2;1,4;1,5;1,6;1,4;1,3;1,3;1,3;0,9;1,4;1,0;1,5;13,7;13,2;13,1;13,9;14,1;14,1;14,1;12,9;14,9;14,9;14,9;16,0;14,4;15,8;0,5;0,5;0,5;0,5;0,5;0,5;0,5;0,5;0,5;0,5;0,5;0,4;0,6;0,6;44,9;43,6;42,4;44,5;47,5;47,9;46,5;36,1;37,2;36,4;38,0;36,8;19,6;16,5;97,2;93,1;91,0;84,0;88,9;93,0;89,9;88,7;88,8;86,7;91,4;91,3;87,4;79,5;0,4;0,4;0,4;0,4;0,4;0,4;0,4;0,5;0,5;0,5;0,5;0,5;"";0,5;5,6;5,6;5,6;5,8;5,6;5,6;5,5;5,3;5,6;5,6;4,7;5,0;2,4;2,2;0,6;0,6;0,6;0,6;0,6;0,6;0,6;0,6;0,6;0,6;0,7;0,7;0,7;0,8;0,4;0,4;0,4;0,4;0,4;0,5;0,5;0,5;0,5;0,6;0,6;"";"";0,7;6,0;6,0;6,0;6,0;5,4;4,8;4,8;4,2;4,4;4,2;3,3;"";"";2,3;0,5;0,8;0,5;0,6;0,5;0,5;0,5;0,5;0,9;0,9;0,9;"";"";1,1;10,0;9,0;9,0;9,0;9,0;9,0;9,0;9,0;9,0;9,0;13,0;"";"";12,0;0,8;0,8;"";"";0,7;0,7;0,7;0,4;0,5;0,5;0,5;1,1;0,6;0,7;0,8;0,8;0,8;0,8;0,8;0,8;0,8;1,4;1,4;1,4;1,4;1,1;1,1;1,5
"Kort Haarlem";0,6;0,6;0,6;0,6;0,6;0,6;0,6;0,6;0,6;0,6;0,9;0,9;0,9;1,0;1,8;1,9;1,9;2,0;2,1;2,1;1,9;1,2;2,1;2,1;1,2;1,1;1,1;0,9;11,6;10,9;10,6;10,4;10,7;10,7;10,5;8,8;10,8;10,8;10,8;12,1;12,0;13,5;0,3;0,4;0,3;0,3;0,3;0,3;0,3;0,3;0,3;0,3;0,3;0,3;0,3;0,5;27,0;27,8;25,8;28,8;30,3;31,8;30,5;18,3;19,1;18,3;19,7;19,9;10,7;5,8;89,3;86,1;81,0;75,7;78,7;81,7;78,7;75,0;76,8;74,8;79,6;79,7;78,4;73,4;0,3;0,3;0,3;0,3;0,3;0,3;0,3;0,3;0,3;0,3;0,3;0,3;"";0,4;3,0;3,0;3,0;3,9;3,0;3,0;3,0;2,9;3,7;3,6;3,5;3,6;2,6;2,1;0,7;0,7;0,7;0,7;0,7;0,7;0,7;0,7;0,7;0,7;0,7;0,7;0,7;0,9;0,4;0,3;0,4;0,4;0,4;0,4;0,4;0,4;0,4;0,4;0,4;"";"";0,6;4,6;4,6;4,6;4,6;4,4;4,3;4,3;3,1;3,2;3,1;3,1;"";"";2,3;0,4;0,3;0,4;0,4;0,4;0,4;0,4;0,5;0,6;0,6;0,6;"";"";0,8;10,0;9,0;9,0;9,0;9,0;9,0;9,0;9,0;9,0;8,3;11,6;"";"";11,0;0,7;0,7;"";"";0,6;0,6;0,6;0,6;0,6;0,6;0,6;1,7;0,5;1,0;1,2;1,1;1,2;1,2;1,2;1,2;1,2;1,9;1,9;1,9;1,9;1,7;1,7;2,1
"Sportbuurt";0,7;0,7;0,7;0,6;0,6;0,6;0,6;0,7;0,6;0,6;0,6;0,6;0,6;0,6;2,0;2,0;2,0;2,1;2,1;2,1;2,1;1,1;3,1;3,1;3,0;3,0;3,0;3,9;8,9;7,9;7,7;7,7;7,6;7,6;7,6;6,4;8,4;8,4;7,4;9,4;9,1;9,7;0,6;0,6;0,7;0,6;0,6;0,7;0,7;0,7;0,6;0,6;0,6;0,6;0,6;0,6;6,9;6,1;5,4;3,9;4,9;5,3;5,3;4,1;5,1;5,2;5,2;6,9;7,9;8,8;82,4;79,3;74,1;71,1;73,9;75,5;73,1;70,8;72,8;70,8;74,3;75,0;72,8;55,1;0,7;0,6;0,6;0,6;0,7;0,6;0,6;0,6;0,6;0,6;0,6;0,6;"";0,7;1,0;1,0;1,0;1,9;1,0;1,0;1,0;1,0;1,9;2,0;1,9;1,9;1,0;1,0;0,6;0,6;0,6;0,6;0,6;0,6;0,6;0,6;0,6;0,6;0,6;0,6;0,7;0,7;0,7;0,7;0,7;0,7;0,7;0,7;0,7;0,7;0,8;0,8;0,8;"";"";0,8;1,8;1,7;1,7;1,7;1,7;1,8;1,8;1,8;1,2;1,2;1,2;"";"";1,3;1,0;1,0;1,0;1,1;1,1;1,1;1,1;1,1;1,0;1,0;1,1;"";"";1,2;5,2;4,9;4,8;4,6;4,2;4,2;4,2;4,2;4,1;4,0;3,8;"";"";4,0;0,8;0,8;"";"";0,7;0,7;0,7;0,7;0,7;0,7;0,6;2,8;0,7;2,4;2,4;2,4;2,4;2,4;2,4;2,4;2,4;2,9;2,9;2,9;3,0;2,8;2,9;3,0
"Molenbuurt";0,4;0,4;0,5;0,5;0,5;0,5;0,5;0,5;0,5;0,5;0,4;0,4;0,4;0,4;1,1;1,1;1,1;1,1;1,2;1,2;1,2;1,0;1,8;1,8;1,7;1,5;1,5;2,5;5,7;5,2;5,2;5,4;5,5;5,5;5,0;3,8;5,8;5,8;4,8;5,5;5,2;5,3;0,4;0,4;0,4;0,5;0,4;0,5;0,5;0,4;0,4;0,5;0,6;0,4;0,4;0,4;6,2;5,2;4,2;2,7;2,8;2,9;2,9;2,2;2,6;2,6;2,4;3,3;4,9;5,5;60,2;57,6;55,2;55,7;58,3;60,8;58,8;45,4;47,4;46,0;47,3;47,3;39,2;24,8;0,4;0,4;0,4;0,4;0,4;0,4;0,4;0,4;0,4;0,4;0,3;0,4;"";0,5;1,0;1,0;1,0;1,1;1,0;1,0;1,0;1,0;1,0;1,0;1,0;1,0;1,0;1,0;0,4;0,4;0,4;0,4;0,4;0,4;0,4;0,4;0,4;0,4;0,3;0,4;0,5;0,5;0,3;0,3;0,3;0,3;0,3;0,3;0,3;0,3;0,4;0,4;0,4;"";"";0,4;3,6;2,7;2,7;2,7;2,7;2,7;2,7;2,7;2,1;2,1;2,2;"";"";2,3;1,5;1,5;1,5;1,5;1,5;1,5;1,5;1,5;1,5;1,5;1,6;"";"";1,7;2,9;2,9;2,9;2,9;2,9;2,9;2,9;2,9;2,2;2,2;2,1;"";"";2,2;0,5;0,5;"";"";0,4;0,4;0,4;0,4;0,4;0,4;0,4;3,3;0,3;2,8;2,9;2,9;2,9;2,9;3,0;3,0;3,0;3,4;3,4;3,4;3,5;3,3;3,4;3,5
"Polderbuurt";0,7;0,7;1,0;1,0;1,0;1,0;1,0;0,9;0,9;0,9;0,9;0,9;0,9;0,6;1,0;1,0;0,6;0,6;0,6;0,6;0,6;0,6;0,6;0,6;0,6;0,6;0,6;1,5;4,4;4,4;4,4;4,4;4,4;4,5;4,4;3,4;5,4;5,4;4,5;4,5;4,5;5,3;0,6;0,6;0,6;1,0;0,7;0,6;0,6;0,6;0,6;0,6;0,7;0,6;0,6;0,6;4,8;3,8;2,8;1,4;1,8;2,2;2,2;1,9;1,9;1,9;1,8;2,3;3,1;4,0;26,6;24,6;24,6;23,7;24,2;26,9;26,2;20,2;21,3;21,0;21,1;21,5;17,0;13,2;0,9;0,9;0,9;0,9;0,8;0,8;0,8;0,8;0,8;0,8;0,8;0,9;"";1,0;0,7;0,7;0,7;0,7;0,8;0,8;0,8;0,8;0,8;0,8;0,8;0,6;0,6;0,5;0,9;0,9;0,9;0,9;0,8;0,8;0,8;0,8;0,8;0,8;0,8;0,9;1,0;1,0;0,3;0,3;0,3;0,3;0,3;0,3;0,3;0,3;0,3;0,3;0,3;"";"";0,3;3,8;2,7;2,7;2,7;2,7;2,7;2,7;2,7;2,3;2,3;2,3;"";"";1,7;2,0;2,0;2,0;2,1;2,1;2,1;2,1;2,1;2,1;2,1;2,1;"";"";2,3;2,2;2,2;2,2;2,2;2,2;2,2;2,2;2,2;1,2;1,2;1,1;"";"";1,1;1,0;0,9;"";"";0,9;0,9;0,9;0,9;0,9;0,9;0,9;3,8;0,8;3,5;3,4;3,4;3,4;3,4;3,4;3,4;3,4;3,9;3,9;3,9;3,9;3,8;3,8;4,1
"Vrijheidsbuurt";1,1;1,1;1,4;1,4;1,4;1,4;1,4;1,4;1,4;1,4;1,4;1,4;1,4;1,1;0,2;0,2;0,0;0,0;0,0;0,0;0,0;0,0;0,0;0,0;0,0;0,0;0,0;0,4;4,1;4,1;4,1;4,1;4,1;4,1;4,1;3,1;5,1;5,1;4,1;4,1;4,1;5,1;1,0;1,0;1,0;1,4;1,2;1,1;1,1;1,1;1,1;1,1;1,1;1,0;1,0;1,1;1,3;0,8;0,4;0,0;0,2;0,6;0,6;0,4;0,4;0,4;0,3;0,4;0,7;1,1;17,2;14,8;14,7;13,5;13,6;15,6;14,9;12,1;13,1;13,1;13,3;12,6;12,7;13,2;1,3;1,3;1,3;1,3;1,2;1,2;1,2;1,2;1,2;1,2;1,2;1,4;"";1,4;0,0;0,0;0,0;0,0;0,1;0,1;0,1;0,1;0,1;0,1;0,1;0,0;0,0;0,0;1,3;1,3;1,3;1,3;1,2;1,2;1,2;1,2;1,2;1,2;1,2;1,4;1,4;1,4;0,5;0,5;0,5;0,5;0,5;0,5;0,5;0,5;0,5;0,5;0,5;"";"";0,5;2,2;1,2;1,2;1,2;1,2;1,2;1,2;1,2;1,3;1,2;1,2;"";"";1,1;2,4;2,4;2,4;2,5;2,5;2,5;2,5;2,5;2,5;2,5;2,5;"";"";2,7;1,7;1,3;1,7;1,7;1,7;1,7;1,7;1,5;1,0;1,0;1,0;"";"";1,0;1,4;1,4;"";"";1,2;1,2;1,2;1,2;1,2;1,2;1,2;4,2;1,1;3,9;3,8;3,8;3,8;3,8;3,8;3,8;3,8;4,3;4,3;4,3;4,3;4,2;4,2;4,5
"Componistenbuurt";0,8;0,8;0,8;0,8;0,8;0,8;0,8;1,0;1,0;1,0;1,0;1,0;1,0;0,8;1,0;1,0;0,9;0,9;0,9;0,9;0,9;0,5;0,5;0,5;0,5;0,6;0,6;1,1;4,7;4,1;4,1;4,3;4,5;4,5;4,5;3,1;5,1;5,1;4,2;4,1;4,1;4,5;0,7;0,7;0,7;0,8;0,8;0,6;0,6;0,6;0,6;0,6;0,6;0,7;0,7;0,8;5,6;4,6;3,6;2,6;2,7;3,0;3,0;3,0;3,0;3,0;3,0;2,2;2,7;3,0;38,5;36,5;37,1;38,6;40,3;42,6;41,8;27,6;28,9;28,2;29,8;28,8;20,5;9,8;0,8;0,8;0,8;0,8;0,8;0,8;0,8;0,9;0,9;0,9;0,9;1,0;"";1,2;1,0;1,0;1,0;0,9;1,0;1,0;1,0;0,9;0,9;0,9;0,9;0,6;0,4;0,1;0,8;0,8;0,8;0,8;0,8;0,8;0,8;0,9;0,9;0,9;0,9;1,0;1,0;1,2;0,5;0,7;0,7;0,7;0,7;0,7;0,7;0,7;0,4;0,4;0,4;"";"";0,4;2,6;1,6;1,6;1,6;1,5;1,5;1,5;1,1;2,0;2,0;2,0;"";"";2,0;2,0;2,0;2,0;2,1;2,1;2,1;2,1;2,2;2,2;2,2;2,2;"";"";2,4;2,9;2,9;2,9;2,9;2,9;2,9;2,9;2,9;2,0;2,0;1,9;"";"";1,0;0,8;0,8;"";"";1,0;1,0;1,0;1,1;1,1;1,1;1,1;3,5;1,1;3,6;3,1;3,1;3,1;3,1;3,1;3,1;3,1;3,7;3,7;3,8;3,9;3,5;3,5;4,3
"Muziekbuurt";0,6;0,6;0,5;0,5;0,5;0,5;0,5;0,5;0,5;0,5;0,4;0,5;0,5;0,5;1,1;1,1;1,1;1,1;1,1;1,1;1,1;1,0;1,3;1,3;1,2;1,2;1,2;1,9;7,4;6,4;6,3;6,4;6,2;6,3;5,5;4,4;6,4;6,4;5,3;6,9;5,5;5,9;0,5;0,5;0,5;0,5;0,5;0,5;0,5;0,6;0,6;0,6;0,6;0,5;0,5;0,5;6,1;5,1;4,1;3,0;3,0;3,1;3,1;3,1;3,3;3,2;3,2;3,2;4,2;4,7;76,2;73,0;69,0;64,6;68,4;69,5;68,3;61,0;62,3;61,1;64,4;65,3;56,5;28,0;0,4;0,4;0,4;0,4;0,5;0,5;0,5;0,4;0,4;0,4;0,4;0,5;"";0,7;1,0;1,0;1,0;1,1;1,0;1,0;1,0;1,0;1,1;1,1;1,0;1,0;1,0;0,8;0,4;0,4;0,4;0,4;0,5;0,5;0,5;0,4;0,4;0,4;0,4;0,5;0,5;0,7;0,7;0,7;0,7;0,7;0,7;0,7;0,7;0,7;0,6;0,6;0,6;"";"";0,6;2,7;2,0;2,0;2,1;2,0;2,1;2,1;2,0;1,9;2,0;2,0;"";"";1,7;1,5;1,5;1,5;1,6;1,6;1,6;1,6;1,6;1,6;1,6;1,6;"";"";1,8;3,7;3,7;3,7;3,3;3,2;3,2;3,2;3,2;3,3;3,2;3,2;"";"";3,4;0,5;0,5;"";"";0,7;0,7;0,7;0,7;0,7;0,7;0,7;3,0;0,7;2,9;2,6;2,6;2,6;2,6;2,6;2,6;2,6;3,3;3,3;3,3;3,3;3,0;3,0;3,4
"Stolwijkersluis Oost";1,4;1,4;1,4;1,4;1,4;1,4;1,4;1,4;1,5;1,5;1,5;1,4;1,4;1,4;0,0;0,0;0,0;0,0;0,0;0,0;0,0;0,0;0,0;0,0;0,0;0,0;0,0;0,0;10,8;9,8;8,9;8,9;8,9;8,9;8,9;7,9;9,9;9,9;9,8;11,0;11,0;12,8;1,2;1,2;1,2;1,2;1,2;1,2;1,2;1,2;1,2;1,2;1,2;1,1;1,1;1,1;0,1;0,1;0,1;0,1;0,1;0,1;0,1;0,1;0,1;0,1;0,1;0,7;0,4;0,3;84,8;81,8;75,7;72,4;74,5;76,8;74,6;71,7;73,7;71,8;76,7;77,8;76,7;72,2;1,0;1,0;1,1;1,0;1,0;1,0;1,0;1,0;1,0;1,0;1,1;1,0;"";1,0;0,5;0,5;0,5;0,5;0,5;0,5;0,5;0,5;0,5;0,5;0,5;0,7;0,7;0,6;1,6;1,6;1,6;1,6;1,6;1,6;1,6;1,6;1,6;1,6;1,6;1,5;1,5;1,6;1,3;1,2;1,3;1,3;1,3;1,3;1,3;1,4;1,2;1,3;1,3;"";"";1,4;0,0;0,0;0,0;0,0;0,0;0,0;0,0;0,0;0,0;0,0;0,0;"";"";0,0;1,4;1,2;1,4;1,3;1,4;1,3;1,3;1,4;1,4;1,4;1,4;"";"";1,4;6,6;6,5;6,5;5,3;5,3;5,4;5,4;5,0;5,0;4,4;6,0;"";"";6,2;1,4;1,4;"";"";1,4;1,4;1,4;1,5;1,5;1,5;1,5;2,0;1,4;1,5;1,9;1,9;1,9;2,0;2,0;2,0;2,0;2,1;2,1;2,1;2,1;2,0;2,1;2,1
"Stolwijkersluis West";1,8;1,8;1,8;1,8;1,8;1,8;1,8;1,8;1,8;1,8;1,9;1,7;1,7;1,8;0,0;0,0;0,0;0,0;0,0;0,0;0,0;0,0;0,0;0,0;0,0;0,0;0,0;0,0;8,4;8,0;7,6;7,7;7,5;7,6;7,6;6,5;8,4;8,4;8,4;9,9;9,9;11,2;1,5;1,6;1,6;1,6;1,5;1,5;1,5;1,5;1,5;1,5;1,6;1,4;1,4;1,5;0,0;0,0;0,0;0,0;0,0;0,0;0,0;0,0;0,0;0,0;0,0;0,0;0,0;0,0;81,0;77,4;71,8;68,4;71,3;71,9;69,5;66,6;68,9;66,7;70,8;74,7;72,9;64,6;1,4;1,4;1,4;1,4;1,4;1,4;1,4;1,4;1,4;1,4;1,4;1,3;"";1,4;0,1;0,1;0,0;0,0;0,0;0,0;0,0;0,0;0,0;0,0;0,0;0,1;0,1;0,0;1,9;2,0;2,0;2,0;2,0;2,0;2,0;2,0;2,0;2,0;2,0;1,9;1,9;2,0;1,7;1,6;1,7;1,7;1,7;1,7;1,7;1,8;1,6;1,8;1,8;"";"";1,8;0,0;0,0;0,0;0,0;0,0;0,0;0,0;0,0;0,0;0,0;0,0;"";"";0,0;1,8;1,6;1,8;1,7;1,7;1,7;1,7;1,7;1,7;1,7;1,7;"";"";1,8;3,5;3,6;3,4;2,9;3,1;3,1;3,0;2,9;2,3;2,3;2,7;"";"";2,5;1,8;1,8;"";"";1,8;1,8;1,8;1,9;1,9;1,9;1,9;2,4;1,8;1,8;2,3;2,3;2,3;2,3;2,3;2,3;2,4;2,5;2,5;2,5;2,5;2,4;2,4;2,5
"Gouwestroom";2,1;2,1;2,0;1,9;2,0;2,4;2,4;2,4;2,4;2,4;2,4;1,5;1,4;1,5;0,0;0,0;0,0;0,0;0,0;0,0;0,0;0,0;0,0;0,0;0,0;0,3;0,4;0,4;3,6;3,7;3,7;3,8;3,4;2,6;2,2;2,3;2,3;2,3;1,9;4,5;3,0;2,7;1,9;1,9;1,8;1,8;2,0;2,4;2,4;2,3;2,3;2,3;2,3;2,2;2,2;2,3;0,0;0,0;0,0;0,0;0,0;0,0;0,0;0,0;0,0;0,0;0,0;0,0;0,0;0,0;30,5;30,0;28,8;35,0;26,4;8,8;7,4;6,9;7,7;7,6;7,2;11,0;6,1;5,1;2,0;2,0;1,9;1,9;2,0;2,4;2,4;2,4;2,4;2,4;2,4;1,5;"";1,4;0,0;0,0;0,0;0,0;0,0;0,0;0,0;0,0;0,0;0,0;0,0;0,3;0,4;0,4;2,0;2,0;2,0;1,9;2,0;2,4;2,4;2,4;2,4;2,4;2,4;2,2;2,2;2,2;1,9;1,9;1,8;1,8;1,9;2,1;2,1;2,1;2,1;2,1;2,1;"";"";1,4;0,0;0,0;0,0;0,0;0,0;0,0;0,0;0,0;0,0;0,0;0,0;"";"";0,4;3,3;3,3;3,2;3,2;3,3;3,7;3,8;3,8;3,8;3,8;3,7;"";"";3,6;0,0;0,0;0,2;0,4;0,1;0,0;0,0;0,0;0,0;0,0;0,0;"";"";0,0;3,2;2,2;"";"";2,1;2,5;2,5;2,5;2,5;2,5;2,5;2,5;2,3;3,8;2,2;2,2;2,2;2,1;2,2;2,6;2,7;2,7;2,7;2,7;2,7;2,5;2,5;2,6
"Ringvaartbocht";1,2;1,2;1,2;1,2;1,2;1,3;1,3;1,3;1,3;1,3;1,3;1,2;1,2;1,3;0,0;0,0;0,0;0,0;0,0;0,0;0,0;0,0;0,0;0,0;0,0;0,0;0,0;0,0;9,0;9,0;9,0;9,0;9,0;9,0;9,0;8,0;8,0;8,0;9,0;10,5;10,4;12,4;1,0;1,0;1,0;1,0;1,2;1,2;1,2;1,2;1,2;1,2;1,2;1,2;1,2;1,3;0,0;0,0;0,0;0,0;0,0;0,0;0,0;0,0;0,0;0,0;0,0;0,0;0,0;0,0;79,0;77,0;70,0;69,0;72,0;72,0;69,0;65,8;67,5;65,4;70,5;70,9;46,7;52,2;1,1;1,2;1,2;1,2;1,2;1,2;1,3;1,3;1,3;1,3;1,3;1,2;"";1,3;0,0;0,0;0,0;0,0;0,0;0,0;0,0;0,0;0,0;0,0;0,0;0,0;0,0;0,0;1,2;1,2;1,2;1,2;1,2;1,3;1,3;1,3;1,3;1,3;1,3;1,3;1,3;1,2;0,9;0,9;0,9;0,9;0,9;1,0;1,0;1,0;1,0;1,0;1,0;"";"";1,2;1,0;1,0;1,0;1,0;1,0;1,0;1,0;0,9;0,7;0,7;0,7;"";"";0,0;2,5;2,4;2,5;2,5;2,5;2,6;2,6;2,6;2,6;2,6;2,6;"";"";2,6;2,4;3,0;2,4;2,4;2,5;2,0;2,0;2,0;2,0;1,0;3,0;"";"";3,0;2,3;1,3;"";"";1,3;1,4;1,4;1,4;1,4;1,4;1,4;1,5;1,4;2,8;1,4;1,4;1,4;1,4;1,4;1,5;1,5;1,5;1,5;1,6;1,5;1,5;1,6;1,6
"Oostpolder in Schieland";"";"";"";"";"";"";"";"";"";"";3,0;2,4;2,4;2,5;"";"";"";"";"";"";"";"";"";"";0,0;0,0;0,0;0,0;"";"";"";"";"";"";"";"";"";"";0,4;2,0;1,6;1,3;"";"";"";"";"";"";"";"";"";"";2,9;2,8;2,8;3,0;"";"";"";"";"";"";"";"";"";"";0,0;0,0;0,0;0,0;"";"";"";"";"";"";"";"";"";"";1,8;3,6;2,3;0,7;"";"";"";"";"";"";"";"";"";"";3,0;2,4;"";2,4;"";"";"";"";"";"";"";"";"";"";0,0;0,0;0,0;0,0;"";"";"";"";"";"";"";"";"";"";3,0;2,9;2,9;2,9;"";"";"";"";"";"";"";"";"";"";2,7;"";"";2,4;"";"";"";"";"";"";"";"";"";"";0,0;"";"";0,0;"";"";"";"";"";"";"";"";"";"";4,0;"";"";4,0;"";"";"";"";"";"";"";"";"";"";0,0;"";"";0,0;"";"";"";"";"";"";"";"";"";"";3,1;3,2;3,0;4,5;"";"";"";"";"";"";"";"";"";"";3,3;3,2;3,2;3,3
"De Eilanden";"";"";"";"";"";"";"";"";"";"";2,0;0,7;0,7;0,8;"";"";"";"";"";"";"";"";"";"";0,0;1,0;1,0;1,0;"";"";"";"";"";"";"";"";"";"";3,3;5,9;4,2;3,1;"";"";"";"";"";"";"";"";"";"";1,9;1,8;1,8;2,0;"";"";"";"";"";"";"";"";"";"";0,0;0,0;0,0;0,0;"";"";"";"";"";"";"";"";"";"";16,4;29,7;14,9;10,6;"";"";"";"";"";"";"";"";"";"";1,9;0,7;"";0,7;"";"";"";"";"";"";"";"";"";"";0,0;1,0;1,0;1,0;"";"";"";"";"";"";"";"";"";"";2,0;1,9;1,9;1,8;"";"";"";"";"";"";"";"";"";"";1,6;"";"";0,7;"";"";"";"";"";"";"";"";"";"";0,0;"";"";1,0;"";"";"";"";"";"";"";"";"";"";3,3;"";"";3,3;"";"";"";"";"";"";"";"";"";"";0,0;"";"";0,1;"";"";"";"";"";"";"";"";"";"";2,0;2,2;2,0;3,5;"";"";"";"";"";"";"";"";"";"";2,2;2,2;2,2;2,3
"Tuinenbuurt";"";"";"";"";"";"";"";"";"";"";2,2;0,3;0,3;0,3;"";"";"";"";"";"";"";"";"";"";0,0;1,0;1,0;1,0;"";"";"";"";"";"";"";"";"";"";2,9;5,0;3,0;2,3;"";"";"";"";"";"";"";"";"";"";2,1;2,1;2,1;2,5;"";"";"";"";"";"";"";"";"";"";0,0;0,0;0,0;0,0;"";"";"";"";"";"";"";"";"";"";8,7;11,6;7,1;4,2;"";"";"";"";"";"";"";"";"";"";2,2;0,3;"";0,4;"";"";"";"";"";"";"";"";"";"";0,0;1,0;1,0;1,0;"";"";"";"";"";"";"";"";"";"";2,2;2,1;2,1;2,4;"";"";"";"";"";"";"";"";"";"";1,9;"";"";0,4;"";"";"";"";"";"";"";"";"";"";0,0;"";"";1,0;"";"";"";"";"";"";"";"";"";"";3,5;"";"";3,8;"";"";"";"";"";"";"";"";"";"";0,0;"";"";0,0;"";"";"";"";"";"";"";"";"";"";2,3;2,4;2,2;4,1;"";"";"";"";"";"";"";"";"";"";2,4;2,4;2,4;2,8
"Westergouwe";2,4;2,4;2,4;2,4;2,4;2,7;2,8;2,8;2,8;2,7;"?";"?";"?";"?";0,0;0,0;0,0;0,0;0,0;0,0;0,0;0,0;0,0;0,0;"?";"?";"?";"?";2,6;2,7;3,0;2,7;2,6;1,9;1,6;1,5;1,6;1,4;"?";"?";"?";"?";2,2;2,2;2,2;2,3;2,4;2,7;2,7;2,7;2,6;2,6;"?";"?";"?";"?";0,0;0,0;0,0;0,0;0,0;0,0;0,0;0,0;0,0;0,0;"?";"?";"?";"?";23,5;25,0;23,1;21,9;22,1;8,3;5,6;4,7;5,6;4,4;"?";"?";"?";"?";2,3;2,3;2,3;2,3;2,3;2,6;2,7;2,7;2,7;2,7;"?";"?";"";"?";0,0;0,0;0,0;0,0;0,0;0,0;0,0;0,0;0,0;0,0;"?";"?";"?";"?";2,4;2,4;2,4;2,4;2,4;2,7;2,8;2,8;2,7;2,7;"?";"?";"?";"?";2,2;2,1;2,1;2,1;2,1;2,4;2,4;2,4;2,4;2,4;"?";"";"";"?";0,0;0,0;0,0;0,0;0,0;0,0;0,0;0,0;0,0;0,0;"?";"";"";"?";3,5;3,5;3,4;3,5;3,5;3,8;3,9;3,9;3,9;3,8;"?";"";"";"?";0,1;0,2;0,1;0,1;0,1;0,0;0,0;0,0;0,0;0,0;"?";"";"";"?";3,4;2,5;"";"";2,5;2,8;2,9;2,9;2,8;2,8;"?";"?";"?";"?";2,6;2,6;2,6;2,6;2,6;3,0;3,1;3,1;3,0;3,0;"?";"?";"?";"?"
